user,white_games,black_games,total_games,wins_white,wins_black,wins_total,draw_white,draw_black,draw_total,lose_white,lose_black,lose_total,elo,accuracy,accuracy_opening,accuracy_middlegame,accuracy_endgame,win_rate,opening_distance,middlegame_distance,endgame_distance,opening_distance_alt,middlegame_distance_alt,endgame_distance_alt
gumersindo,25,25,50,10.0,10.0,20.0,4.0,4.0,8.0,11.0,11.0,22.0,2103.52,84.14831546352448,95.294494218696,90.42405284877178,90.94642026943401,0.4,11.146178755171519,6.275737385247297,6.7981048059095315,0.2545884731044197,-0.515545904745025,-0.57121185609995
GeorgMeier,23,20,43,18.0,11.0,29.0,4.0,6.0,10.0,1.0,3.0,4.0,2636.906976744186,90.73393046812078,96.27275098759439,93.35771122497763,93.65777911268454,0.6744186046511628,5.538820519473617,2.62378075685686,2.923848644563762,1.23284524200281,2.41811247146083,2.1401469871505725
jcibarra,22,19,41,13.0,13.0,26.0,3.0,2.0,5.0,6.0,4.0,10.0,2481.439024390244,89.88737169826085,96.3668758789949,92.48065602284535,93.4847081328135,0.6341463414634146,6.479504180734054,2.593284324584502,3.597336434552645,1.3269701334033215,1.5410572693285474,1.9670760072795304
exoticprincess,22,17,39,17.0,12.0,29.0,4.0,1.0,5.0,1.0,4.0,5.0,2702.846153846154,92.82320800651546,95.16705347253698,94.41397069464892,95.66446105478298,0.7435897435897436,2.34384546602152,1.5907626881334664,2.841253048267518,0.12714772694539533,3.4743719411321194,4.146828929249011
pKiLz5Rn9b,18,21,39,7.0,7.0,14.0,1.0,3.0,4.0,10.0,11.0,21.0,2209.25641025641,87.02156617109497,94.29409917412127,91.00143150916489,92.25855224596566,0.358974358974359,7.272533003026297,3.9798653380699136,5.236986074870686,-0.745806571470311,0.06183275564808355,0.7409201204316958
oggy1984,18,21,39,7.0,6.0,13.0,0.0,0.0,0.0,11.0,12.0,23.0,2193.2051282051284,86.41983759412014,95.06591552199697,90.67798411204852,91.43111317638974,0.3333333333333333,8.646077927876831,4.258146517928381,5.0112755822696045,0.026009776405388152,-0.2616146414682845,-0.08651894914422087
DanielRensch,17,20,37,8.0,9.0,17.0,2.0,1.0,3.0,7.0,10.0,17.0,2326.2972972972975,85.69466855187899,94.28252370585483,90.9287075912974,91.79793416524349,0.4594594594594595,8.587855153975838,5.2340390394184055,6.103265613364499,-0.7573820397367541,-0.010891162219408557,0.2803020397095253
bsmail,17,18,35,7.0,6.0,13.0,0.0,0.0,0.0,10.0,11.0,21.0,2097.6,84.75235469484522,94.96806653674335,89.8081970672321,90.15106272201409,0.37142857142857144,10.215711841898127,5.055842372386877,5.398708027168865,-0.0718392088482318,-1.131401686284704,-1.3665694035198754
GedoGluperd,19,16,35,11.0,8.0,19.0,1.0,1.0,2.0,7.0,7.0,14.0,2289.9142857142856,83.57563227472713,94.34036042487496,89.36688615625425,91.07380228077085,0.5428571428571428,10.764728150147832,5.791253881527126,7.498170006043722,-0.6995453207166236,-1.5727125972625515,-0.4438298447631155
MattyDPerrine,15,19,34,4.0,7.0,11.0,1.0,3.0,4.0,10.0,9.0,19.0,2066.970588235294,85.19479051520081,95.55473291956812,90.14387532490703,90.53140088654948,0.3235294117647059,10.359942404367317,4.949084809706221,5.3366103713486694,0.514827173976542,-0.7957234286097759,-0.9862312389844874
Hafez_Bakr,15,18,33,3.0,3.0,6.0,0.0,0.0,0.0,12.0,15.0,27.0,1799.909090909091,86.23613217882907,93.8649027677065,89.65107555818561,92.21057573629506,0.18181818181818182,7.62877058887743,3.4149433793565436,5.974443557465989,-1.175002977885086,-1.2885231953311944,0.6929436107610911
Gevorg_Harutjunyan,18,14,32,10.0,7.0,17.0,1.0,4.0,5.0,7.0,3.0,10.0,2490.90625,89.13355167049038,95.10368579021339,92.83187526010462,94.23706994624938,0.53125,5.9701341197230136,3.6983235896142475,5.103518275759001,0.06378004462180797,1.8922765065878195,2.719437820715413
wonderfultime,17,15,32,10.0,9.0,19.0,2.0,3.0,5.0,5.0,3.0,8.0,2535.03125,87.68665864196618,96.32926028913755,91.69115845559146,91.92664763973514,0.59375,8.642601647171375,4.004499813625287,4.239988997768961,1.2893545435459686,0.7515597020746583,0.40901551420117244
AUSSIE_PINOY,16,16,32,5.0,6.0,11.0,2.0,1.0,3.0,9.0,9.0,18.0,2270.46875,83.74563702583345,92.61459917070758,88.39898606795447,90.01857165566629,0.34375,8.868962144874132,4.653349042121022,6.2729346298328466,-2.4253065748840044,-2.540612685562337,-1.499060469867672
rhungaski,17,15,32,9.0,7.0,16.0,4.0,2.0,6.0,4.0,6.0,10.0,2411.65625,88.32352295467848,95.89969908783776,91.3485670152346,93.16794052605503,0.5,7.576176133159279,3.0250440605561124,4.844417571376553,0.8597933422461779,0.40896826171778855,1.6503084005210695
Tilicheev_Viacheslav,15,17,32,10.0,7.0,17.0,3.0,4.0,7.0,2.0,6.0,8.0,2486.78125,88.37593877437851,95.06047293372575,92.42513474154423,92.51961936518244,0.53125,6.684534159347237,4.049195967165716,4.143680590803925,0.020567188134165804,1.4855359880274221,1.0019872396484715
bugsbunny444,16,16,32,7.0,7.0,14.0,3.0,1.0,4.0,6.0,8.0,14.0,2292.875,87.08372063843576,95.11210039379922,91.28739504242306,91.64746259998302,0.4375,8.02837975536346,4.203674403987293,4.563741961547251,0.07219464820764188,0.34779628890625247,0.12983047444905083
IMRosen,15,17,32,9.0,6.0,15.0,2.0,2.0,4.0,4.0,9.0,13.0,2046.25,86.31925049285047,95.66151644893904,90.82807881848854,92.31789194330192,0.46875,9.342265956088568,4.5088283256380635,5.998641450451444,0.6216107033474572,-0.1115199350282694,0.8002598177679516
stepanosinovsky,16,16,32,9.0,4.0,13.0,0.0,0.0,0.0,4.0,12.0,16.0,2263.1875,87.45742792776856,94.61768045465499,92.0513279592954,91.40716829896,0.40625,7.160252526886424,4.593900031526843,3.9497403711914387,-0.4222252909365949,1.1117292057786017,-0.11046382657396236
LADIESGET2KNOWME,17,15,32,7.0,6.0,13.0,2.0,3.0,5.0,8.0,6.0,14.0,2269.625,85.75320769501414,93.65135171484495,89.71665616973766,92.91539147774549,0.40625,7.898144019830809,3.9634484747235206,7.162183782731347,-1.3885540307466329,-1.2229425837791439,1.3977593522115228
GMHess,17,14,31,12.0,6.0,18.0,0.0,0.0,0.0,5.0,4.0,9.0,2457.8709677419356,89.17640472529332,95.09071260366456,93.08075470998044,93.31394847534396,0.5806451612903226,5.914307878371233,3.9043499846871157,4.137543750050639,0.05080685807297414,2.141155956463635,1.7963163498099988
alturas_pacificas,14,16,30,6.0,4.0,10.0,0.0,0.0,0.0,8.0,11.0,19.0,2071.3,86.28372553201648,94.69982170925266,89.32005073195043,91.93944577340149,0.3333333333333333,8.416096177236184,3.0363251999339553,5.655720241385012,-0.34008403633892215,-1.6195480215663736,0.4218136478675234
VovAn1991,16,14,30,9.0,10.0,19.0,0.0,0.0,0.0,5.0,4.0,9.0,2398.8,89.63007535869973,95.39152659573615,92.30901257718949,92.94359925906757,0.6333333333333333,5.761451237036425,2.6789372184897644,3.3135239003678407,0.35162085014457034,1.3694138236726872,1.4259671335336037
PauloCesarCosta,14,16,30,3.0,2.0,5.0,2.0,3.0,5.0,9.0,11.0,20.0,2053.8,84.64966037504892,95.33096028120553,90.15007643570321,89.53838627544698,0.16666666666666666,10.68129990615661,5.500416060654288,4.888725900398057,0.2910545356139522,-0.7895223178135922,-1.9792458500869827
megarompa,15,14,29,9.0,9.0,18.0,3.0,3.0,6.0,3.0,2.0,5.0,2595.551724137931,90.84503085516326,95.66316680667956,93.64819168734992,94.30711392192588,0.6206896551724138,4.818135951516297,2.803160832186663,3.4620830667626166,0.6232610610879732,2.708592933833117,2.789481796391911
WanderingPuppet,12,16,28,3.0,3.0,6.0,0.0,0.0,0.0,7.0,13.0,20.0,2061.035714285714,79.40757434241661,94.52978914851609,87.96050428195494,87.05281838582357,0.21428571428571427,15.122214806099478,8.55292993953833,7.6452440434069615,-0.5101165970754948,-2.979094471561865,-4.464813739710394
Nouki,15,12,27,9.0,5.0,14.0,3.0,4.0,7.0,3.0,3.0,6.0,2627.740740740741,89.39546627479405,96.3722463691088,93.49810483081899,93.21069939120552,0.5185185185185185,6.976780094314748,4.102638556024942,3.815233116411477,1.3323406235172115,2.5585060773021837,1.6930672656715586
AlmirDzhumaev,13,13,26,7.0,4.0,11.0,0.0,0.0,0.0,6.0,8.0,14.0,2180.3846153846152,84.29540660195747,93.73970598885604,90.86968124332277,91.66044646091123,0.4230769230769231,9.444299386898578,6.574274641365307,7.3650398589537645,-1.3001997567355374,-0.06991751019403125,0.14281433537726684
AlexanderL,13,12,25,7.0,9.0,16.0,0.0,0.0,0.0,6.0,2.0,8.0,2484.48,90.3366504413447,95.34849864389102,92.16169701627112,94.40234051044222,0.64,5.011848202546318,1.825046574926418,4.0656900690975135,0.3085928982994375,1.222098262754315,2.884708384908251
lorcho,12,13,25,5.0,5.0,10.0,1.0,2.0,3.0,6.0,6.0,12.0,2412.28,86.48241948675332,94.45499813337699,89.66351096726552,92.97356551067702,0.4,7.972578646623674,3.181091480512208,6.491146023923704,-0.5849076122145931,-1.2760877862512814,1.4559333851430551
pedromartinez91,12,13,25,9.0,5.0,14.0,1.0,2.0,3.0,2.0,6.0,8.0,2123.84,84.91365299727894,94.2097957928268,90.98916582708087,90.5464149176924,0.56,9.296142795547851,6.075512829801923,5.632761920413458,-0.8301099527647864,0.04956707356406298,-0.971217207841562
DanielNaroditsky,12,13,25,9.0,9.0,18.0,0.0,0.0,0.0,2.0,4.0,6.0,2557.2,90.75750952844255,96.15944512805747,92.1816056976438,93.8596046011166,0.72,5.401935599614916,1.424096169201249,3.1020950726740466,1.119539382465888,1.2420069441269987,2.3419724755826365
zmaj23,11,13,24,5.0,4.0,9.0,1.0,3.0,4.0,5.0,6.0,11.0,2224.2083333333335,89.33438612186087,94.6761850420131,92.03129008311176,93.77091603600087,0.375,5.341798920152229,2.6969039612508823,4.436529914139996,-0.36372070357847974,1.0916913295949513,2.253283910466905
David_Klein,13,11,24,9.0,4.0,13.0,1.0,1.0,2.0,3.0,6.0,9.0,2359.4166666666665,88.81236070831716,94.20967360190627,92.37025666691694,94.5465552101478,0.5416666666666666,5.397312893589117,3.5578959585997865,5.734194501830643,-0.8302321436853077,1.4306579134001396,3.0289230846138366
FlySooHigh,13,10,23,8.0,3.0,11.0,1.0,4.0,5.0,4.0,3.0,7.0,2357.391304347826,87.72329641162155,95.6194834468709,89.65534265068094,93.92496654884116,0.4782608695652174,7.896187035249355,1.9320462390593889,6.201670137219608,0.5795777012793195,-1.2842561028358688,2.4073344233071907
Carolina-moon,12,11,23,0.0,0.0,0.0,1.0,3.0,4.0,8.0,8.0,16.0,1949.3478260869565,79.82937121912006,94.4084163471278,86.53549605732829,88.15304347630013,0.0,14.579045128007735,6.7061248382082255,8.323672257180064,-0.6314893984637848,-4.404102696188517,-3.3645886492338377
vovkcoach,13,10,23,7.0,6.0,13.0,0.0,0.0,0.0,6.0,4.0,10.0,2486.8260869565215,87.09165614517998,96.20516432817936,90.86044767622866,90.54603311714295,0.5652173913043478,9.113508182999382,3.7687915310486773,3.454376971962972,1.1652585825877821,-0.07915107728814519,-0.97159900839101
petrpalachev,13,10,23,7.0,3.0,10.0,2.0,1.0,3.0,4.0,6.0,10.0,2414.6521739130435,86.69639369451302,94.75414877556469,91.78957668661805,92.81494886075963,0.43478260869565216,8.057755081051667,5.093182992105028,6.118555166246608,-0.2857569700268954,0.8499779331012434,1.2973167352256638
EltajSafarli,12,11,23,10.0,7.0,17.0,2.0,3.0,5.0,0.0,0.0,0.0,2606.1739130434785,92.99470953209995,95.90075706753665,94.97047177819154,95.61536404252855,0.7391304347826086,2.9060475354366986,1.9757622460915911,2.620654510428608,0.8608513219450629,4.030873024674733,4.09773191699459
AkshatChandra,10,13,23,7.0,8.0,15.0,0.0,0.0,0.0,3.0,2.0,5.0,2403.4347826086955,88.2275828993375,96.08395367950344,91.65491625332879,93.55347860634087,0.6521739130434783,7.856370780165932,3.427333353991287,5.325895707003369,1.0440479339118554,0.715317499811988,2.03584648080691
Yaacovn,11,12,23,6.0,6.0,12.0,2.0,2.0,4.0,3.0,4.0,7.0,2580.9565217391305,88.13770201820968,94.29214948681802,92.52699578775697,92.42932985339213,0.5217391304347826,6.154447468608339,4.389293769547294,4.291627835182453,-0.7477562587735633,1.587397034240169,0.9116977278581686
GulamaliRises,12,11,23,7.0,2.0,9.0,0.0,0.0,0.0,5.0,6.0,11.0,2362.7391304347825,86.93830615765084,95.11456182574919,93.29911345528717,89.67153080056063,0.391304347826087,8.17625566809835,6.3608072976363275,2.7332246429097893,0.0746560801576095,2.3595147017703653,-1.8461013249733327
Chesseducation4u,12,10,22,7.0,3.0,10.0,1.0,1.0,2.0,4.0,6.0,10.0,2300.909090909091,88.996077492052,95.68434146105946,92.4335728948688,92.31206452767208,0.45454545454545453,6.6882639690074654,3.4374954028168077,3.3159870356200827,0.6444357154678784,1.4939741413519982,0.7944324021381135
BeerLag,10,12,22,6.0,3.0,9.0,0.0,0.0,0.0,4.0,8.0,12.0,2263.0,87.04044230742058,94.31539561276591,89.97967231353303,91.39863750509139,0.4090909090909091,7.274953305345335,2.939230006112453,4.35819519767081,-0.7245101328256709,-0.959926439983775,-0.11899462044257803
jup1978,11,11,22,4.0,4.0,8.0,0.0,0.0,0.0,4.0,7.0,11.0,2142.7272727272725,87.20460704670073,95.99221742916353,91.56069034447088,91.98819754321799,0.36363636363636365,8.787610382462802,4.356083297770155,4.783590496517263,0.9523116835719492,0.6210915909540802,0.4705654176840284
chesstatour,11,11,22,5.0,2.0,7.0,0.0,0.0,0.0,5.0,9.0,14.0,1854.1363636363637,81.66355981961975,94.12628161577321,87.75330485128731,88.39012538607459,0.3181818181818182,12.46272179615346,6.089745031667562,6.726565566454838,-0.9136241298183734,-3.186293902229494,-3.1275067394593776
MinhGTrAn,12,10,22,7.0,4.0,11.0,1.0,1.0,2.0,4.0,5.0,9.0,2439.4545454545455,87.73445778765992,94.26082570081022,91.45178337388896,91.1273155198509,0.5,6.526367913150295,3.7173255862290375,3.3928577321909756,-0.7790800447813666,0.5121846203721532,-0.3903166056830685
ChessWarrior7197,10,12,22,3.0,6.0,9.0,1.0,1.0,2.0,6.0,5.0,11.0,1971.7272727272727,87.80646794713861,94.99050034193357,90.50513714125736,93.83040141318018,0.4090909090909091,7.184032394794954,2.69866919411875,6.023933466041569,-0.049405403658013824,-0.43446161225944024,2.312769287646219
162a54f5d,12,9,21,5.0,4.0,9.0,2.0,2.0,4.0,5.0,3.0,8.0,2300.4761904761904,87.42543973254445,94.79538088268114,91.11964636044013,93.01445226335196,0.42857142857142855,7.369941150136697,3.6942066278956815,5.5890125308075085,-0.2445248629104384,0.1800476069233241,1.4968201378179913
gmjlh,11,10,21,4.0,6.0,10.0,3.0,2.0,5.0,4.0,2.0,6.0,2500.809523809524,88.97551780101584,96.17776801729117,92.56292908039862,93.10490679597477,0.47619047619047616,7.202250216275331,3.5874112793827777,4.12938899495893,1.1378622716995892,1.6233303268818133,1.5872746704408058
Rijeka1999,12,9,21,3.0,3.0,6.0,0.0,0.0,0.0,9.0,5.0,14.0,2252.3809523809523,84.36008466420476,95.34247685410587,91.51190884176674,88.75500505064143,0.2857142857142857,10.982392189901105,7.151824177561977,4.394920386436667,0.3025711085142859,0.5723100882499352,-2.762627074892535
grandmastergauri,11,10,21,8.0,2.0,10.0,1.0,1.0,2.0,2.0,7.0,9.0,2299.3809523809523,86.74981895964031,95.01232703508916,92.8190265557444,92.31889225240445,0.47619047619047616,8.26250807544885,6.069207596104093,5.569073292764145,-0.027578710502424997,1.879427802227596,0.8012601268704884
GasconJR,10,10,20,5.0,4.0,9.0,0.0,0.0,0.0,5.0,6.0,11.0,2195.5,84.51365599407572,96.2129817956588,90.98495958410635,88.41498595052948,0.45,11.699325801583086,6.4713035900306295,3.9013299564537647,1.1730760500672233,0.04536083058954432,-3.1026461750044803
Kacparov,9,11,20,5.0,6.0,11.0,0.0,0.0,0.0,3.0,5.0,8.0,2383.25,88.9843996902659,94.47311245651302,92.3440696190915,93.37155932803,0.55,5.488712766247119,3.3596699288255962,4.3871596377641,-0.5667932890785607,1.4044708655746945,1.8539272024960383
Imre91,10,9,19,7.0,3.0,10.0,1.0,3.0,4.0,2.0,3.0,5.0,2534.9473684210525,89.66883847488279,94.40101468696062,93.06641930198323,94.75221174696894,0.5263157894736842,4.732176212077832,3.397580827100441,5.083373272086149,-0.6388910586309606,2.1268205484664264,3.2345796214349747
VSERGUEI,9,10,19,4.0,7.0,11.0,0.0,0.0,0.0,4.0,3.0,7.0,2327.1052631578946,90.14666849296415,95.71812538143598,92.75785675111487,93.40418862063731,0.5789473684210527,5.571456888471829,2.611188258150719,3.2575201276731605,0.6782196358443997,1.8182579975980673,1.886556495103349
HansCoolNiemann,10,9,19,2.0,3.0,5.0,1.0,2.0,3.0,7.0,4.0,11.0,1799.6315789473683,86.11923116695414,93.98472511988818,90.80603957566392,93.48917263562153,0.2631578947368421,7.865493952934045,4.68680840870978,7.369941468667392,-1.0551806257034002,-0.13355917785288796,1.9715405100875643
Sebastian,9,9,18,8.0,5.0,13.0,0.0,0.0,0.0,1.0,4.0,5.0,2535.0555555555557,89.9510006853536,96.87409242930065,93.20032290397394,93.41514927967457,0.7222222222222222,6.92309174394704,3.2493222186203354,3.4641485943209602,1.8341866837090635,2.2607241504571363,1.8975171541406013
ChessTrener,10,8,18,4.0,5.0,9.0,0.0,0.0,0.0,4.0,3.0,7.0,2466.222222222222,87.01601220648064,96.39374885358586,89.54509467504623,91.86169797486247,0.5,9.377736647105223,2.5290824685655906,4.845685768381827,1.3538431079942796,-1.3945040784705753,0.34406584932850137
1stSecond,10,8,18,6.0,3.0,9.0,2.0,1.0,3.0,2.0,4.0,6.0,2363.4444444444443,87.9579998692807,94.92526629783701,90.79007837763535,93.0774253150351,0.5,6.967266428556314,2.8320785083546554,5.119425445754402,-0.1146394477545698,-0.14952037588145117,1.5597931895011357
Philofive,9,9,18,4.0,3.0,7.0,0.0,0.0,0.0,1.0,6.0,7.0,2243.6666666666665,85.98358407825043,95.38508119825586,90.84891362293287,91.12955668469027,0.3888888888888889,9.40149712000543,4.865329544682439,5.145972606439841,0.34517545266427874,-0.09068513058393535,-0.38807544084369283
IMLevAltounian,10,8,18,5.0,4.0,9.0,1.0,1.0,2.0,4.0,3.0,7.0,2328.5555555555557,83.96035354319996,95.96245126446958,92.74022762850028,90.78745137374129,0.5,12.002097721269621,8.779874085300321,6.827097830541334,0.9225455188779961,1.8006288749834738,-0.7301807517926733
GMNeiksans,10,8,18,8.0,3.0,11.0,0.0,0.0,0.0,2.0,3.0,5.0,2498.8333333333335,89.27389976026635,96.54692928926855,91.66818447191638,94.08666312589838,0.6111111111111112,7.273029529002201,2.3942847116500303,4.812763365632037,1.507023543676965,0.7285857183995716,2.5690310003644186
destroyer305,9,9,18,3.0,4.0,7.0,1.0,1.0,2.0,5.0,4.0,9.0,2162.4444444444443,87.97013859442251,95.58489435375604,91.20222691357576,92.32805092351755,0.3888888888888889,7.6147557593335335,3.232088319153249,4.3579123290950434,0.5449886081644593,0.2626281600589522,0.8104187979835871
BjarkeSahl,9,9,18,5.0,4.0,9.0,0.0,0.0,0.0,4.0,4.0,8.0,2108.722222222222,87.06121786965554,94.62446477617175,91.28814765332513,91.58274727233187,0.5,7.563246906516213,4.22692978366959,4.521529402676336,-0.41544096941983355,0.34854889980832127,0.06511514679790764
Argente,9,9,18,4.0,3.0,7.0,3.0,1.0,4.0,2.0,5.0,7.0,2183.1666666666665,85.48391708938225,94.83123608049121,92.68298208223561,89.67024371758085,0.3888888888888889,9.347318991108963,7.199064992853366,4.1863266281986,-0.20866966510037344,1.7433833287188065,-1.8473884079531189
kesarev,9,9,18,3.0,2.0,5.0,4.0,2.0,6.0,2.0,5.0,7.0,2242.3888888888887,85.54664532886383,94.01982904429676,89.93194912534335,90.98273132455711,0.2777777777777778,8.473183715432924,4.385303796479519,5.436085995693276,-1.0200767012948262,-1.0076496281734535,-0.5349008009768568
liczner,9,9,18,5.0,5.0,10.0,0.0,0.0,0.0,4.0,4.0,8.0,2410.3888888888887,88.54590604730065,96.20296782908993,92.67570602003512,91.29235297103818,0.5555555555555556,7.657061781789281,4.1297999727344745,2.746446923737537,1.163062083498346,1.7361072665183173,-0.22527915449578018
ameet100,9,9,18,6.0,4.0,10.0,0.0,0.0,0.0,3.0,5.0,8.0,2412.5555555555557,87.2988776648236,94.87818724911982,90.96926407254345,90.38033715973427,0.5555555555555556,7.579309584296212,3.670386407719846,3.0814594949106606,-0.16171849647176373,0.029665319026648262,-1.137294965799697
SuPeR_Fm,9,9,18,3.0,5.0,8.0,0.0,0.0,0.0,6.0,2.0,8.0,2339.3888888888887,87.24395523442658,94.12651955382012,90.99515570532147,93.7481193391042,0.4444444444444444,6.882564319393538,3.7512004708948865,6.504164104677628,-0.9133861917714654,0.055556951804661026,2.2304872135702425
Schemato,9,9,18,4.0,4.0,8.0,2.0,1.0,3.0,3.0,4.0,7.0,2067.6666666666665,85.35048348033438,95.06420203318922,90.3669709055162,90.53268493057992,0.4444444444444444,9.713718552854843,5.016487425181822,5.182201450245543,0.024296287597636024,-0.5726278480006073,-0.9849471949540458
Danirod,9,9,18,4.0,3.0,7.0,2.0,1.0,3.0,3.0,5.0,8.0,2335.0,86.64765068141163,95.45457398978041,91.41781954745376,91.68373100492845,0.3888888888888889,8.80692330836878,4.770168866042127,5.0360803235168135,0.41466824418883164,0.4782207939369556,0.16609887939448242
Ar4uha,9,9,18,5.0,7.0,12.0,0.0,0.0,0.0,3.0,2.0,5.0,2460.0,87.00050999141216,94.01907633212402,91.9615083661675,91.18648128909585,0.6666666666666666,7.018566340711857,4.960998374755334,4.185971297683693,-1.0208294134675668,1.0219096126506884,-0.3311508364381126
jlandaw,8,10,18,4.0,6.0,10.0,0.0,0.0,0.0,3.0,4.0,7.0,2305.8888888888887,87.64019319138855,95.24333629729603,91.09295128170344,90.86541637056713,0.5555555555555556,7.603143105907478,3.4527580903148873,3.2252231791785846,0.20343055170444302,0.15335252818663037,-0.6522157549668322
brauliocuarta,9,9,18,5.0,3.0,8.0,0.0,0.0,0.0,3.0,6.0,9.0,1995.2222222222222,83.84786379818895,95.56927428964455,88.71284274461455,90.14343023691775,0.4444444444444444,11.7214104914556,4.864978946425595,6.295566438728798,0.5293685440529714,-2.2267560089022567,-1.3742018886162128
THORK,9,9,18,5.0,2.0,7.0,0.0,0.0,0.0,4.0,3.0,7.0,2188.722222222222,86.74348062565828,93.47503035916121,90.86857745938892,91.5974174077351,0.3888888888888889,6.731549733502931,4.1250968337306375,4.853936782076815,-1.5648753864303728,-0.07102129412788827,0.07978528220112935
Tomsel,9,9,18,4.0,3.0,7.0,0.0,0.0,0.0,5.0,5.0,10.0,2289.222222222222,85.66189987784442,93.86588589495182,88.68976030806618,90.29427167782372,0.3888888888888889,8.203986017107397,3.0278604302217644,4.632371799979296,-1.174019850639766,-2.249838445450621,-1.2233604477102489
LuckyTiger,9,9,18,7.0,5.0,12.0,0.0,0.0,0.0,2.0,3.0,5.0,2490.8333333333335,86.45190035143747,95.98017096493466,90.56837771277738,92.13331134977537,0.6666666666666666,9.528270613497185,4.1164773613399035,5.6814109983378955,0.9402652193430754,-0.3712210407394281,0.6156792242414042
FabianEnglert,9,9,18,4.0,3.0,7.0,2.0,2.0,4.0,3.0,4.0,7.0,2240.0555555555557,87.65553878380283,95.72195525371363,91.20202765700843,91.88263410983264,0.3888888888888889,8.066416469910806,3.546488873205604,4.227095326029811,0.6820495081220486,0.2624289034916245,0.36500198429867226
AndreyOstrovskiy,8,10,18,5.0,3.0,8.0,2.0,2.0,4.0,1.0,5.0,6.0,2344.4444444444443,89.14326789989605,95.45117937131637,92.41351770640395,94.0114176680323,0.4444444444444444,6.307911471420326,3.2702498065079055,4.868149768136249,0.41127362572478887,1.4739189528871464,2.4937855424983297
Aragon,8,10,18,3.0,5.0,8.0,0.0,0.0,0.0,5.0,5.0,10.0,2001.0,84.42229660184779,94.10374523128145,88.60296785498647,89.36891238133576,0.4444444444444444,9.68144862943366,4.180671253138684,4.946615779487971,-0.9361605143101315,-2.3366308985303306,-2.1487197441982033
Mvpag,8,10,18,3.0,3.0,6.0,0.0,0.0,0.0,5.0,7.0,12.0,1870.9444444444443,83.80763084451858,94.72833858226517,89.37043885418204,91.34810894543824,0.3333333333333333,10.920707737746582,5.562808009663456,7.540478100919657,-0.31156716332641565,-1.569159899334764,-0.1695231800957231
Irochka83,8,10,18,4.0,6.0,10.0,0.0,0.0,0.0,4.0,4.0,8.0,2286.0,86.65472751559822,96.39242249898822,93.06717361501876,90.40576740555385,0.5555555555555556,9.73769498339,6.412446099420535,3.7510398899556208,1.3525167533966425,2.127574861501955,-1.1118647199801188
Colombiano07,8,9,17,2.0,1.0,3.0,0.0,0.0,0.0,4.0,8.0,12.0,1987.5882352941176,80.93147229025942,95.87787796329184,91.46847174907602,85.23790860432784,0.17647058823529413,14.946405673032416,10.536999458816595,4.306436314068421,0.8379722177002549,0.5288729955592117,-6.279723521206122
ilmago,7,10,17,2.0,3.0,5.0,0.0,0.0,0.0,5.0,7.0,12.0,1827.4705882352941,79.93881103966169,95.27649896055432,87.09852253206289,85.4227224168057,0.29411764705882354,15.337687920892634,7.1597114924012,5.483911377144011,0.23659321496273833,-3.8410762214539176,-6.094909708728267
juniortay,9,8,17,0.0,0.0,0.0,2.0,2.0,4.0,3.0,6.0,9.0,2196.8823529411766,86.98870038165519,93.38571280820923,91.28784545790579,91.14337514200407,0.0,6.397012426554042,4.299145076250596,4.1546747603488825,-1.6541929373823478,0.3482467043889841,-0.37425698352988945
esr44,7,10,17,2.0,2.0,4.0,0.0,0.0,0.0,5.0,8.0,13.0,2043.5882352941176,82.87536545979071,94.21238725597308,87.81526568599676,90.67968296411419,0.23529411764705882,11.33702179618237,4.939900226206049,7.804317504323478,-0.8275184896184982,-3.124333067520041,-0.8379491614197718
manitodeplomo,9,7,16,1.0,4.0,5.0,0.0,0.0,0.0,4.0,3.0,7.0,2308.9375,86.3298934779451,96.16733751666233,89.50112498561855,92.14775428666289,0.3125,9.837444038717223,3.17123150767344,5.817860808717782,1.1274317710707464,-1.4384737678982589,0.6301221611289236
patzerplay,8,8,16,4.0,4.0,8.0,0.0,0.0,0.0,4.0,4.0,8.0,2138.4375,85.49828508589172,94.60094605243765,89.52887404974823,91.4741545905516,0.5,9.102660966545926,4.030588963856502,5.975869504659883,-0.438959693153933,-1.4107247037685795,-0.04347753498235818
hitaman,8,8,16,5.0,4.0,9.0,0.0,0.0,0.0,1.0,4.0,5.0,2390.3125,88.6322119309531,95.78501677872198,90.85332635777236,93.07296474972921,0.5625,7.152804847768877,2.2211144268192555,4.4407528187761045,0.7451110331303994,-0.08627239574444445,1.5553326241952448
Dlugy,10,6,16,4.0,4.0,8.0,0.0,0.0,0.0,2.0,2.0,4.0,2567.75,89.48708329215414,96.27431106131387,92.33905232072077,93.71054510445877,0.5,6.787227769159728,2.8519690285666286,4.223461812304635,1.2344053157222845,1.3994535672039632,2.1929129789248094
Bab3s,7,9,16,3.0,2.0,5.0,0.0,0.0,0.0,4.0,6.0,10.0,2070.0,85.06281126750804,95.22913731480136,90.97844090487521,89.82469702785338,0.3125,10.166326047293325,5.915629637367175,4.761885760345336,0.18923156920978101,0.03884215135840918,-1.6929350976805893
Vandros57,7,9,16,1.0,1.0,2.0,1.0,2.0,3.0,5.0,6.0,11.0,1819.125,85.55560277943748,95.20676348459959,90.54761923883527,90.22258289485079,0.125,9.651160705162113,4.992016459397789,4.66698011541331,0.16685773900800882,-0.39197951468153747,-1.2950492306831762
FrankieJay,7,8,15,1.0,2.0,3.0,1.0,2.0,3.0,5.0,4.0,9.0,2195.6,85.56456348926866,94.89869539433835,91.5854173560919,89.10640921411391,0.2,9.334131905069682,6.020853866823231,3.5418457248452455,-0.14121035125323544,0.6458186025750905,-2.4112229114200545
iFrancisco,8,7,15,2.0,2.0,4.0,0.0,0.0,0.0,4.0,5.0,9.0,2306.866666666667,82.25318218398596,94.51931580768554,90.6695834636895,92.24973156190771,0.26666666666666666,12.266133623699588,8.41640127970355,9.996549377921752,-0.5205899379060384,-0.27001528982729894,0.7320994363737441
kinetix,7,8,15,0.0,0.0,0.0,0.0,0.0,0.0,7.0,6.0,13.0,1484.7333333333333,81.28490313197179,91.23040558951736,88.75972441269286,87.8191259181463,0.0,9.945502457545572,7.474821280721073,6.53422278617451,-3.809500156074222,-2.179874340823943,-3.6985062073876662
AungTZ,6,9,15,3.0,1.0,4.0,0.0,0.0,0.0,3.0,7.0,10.0,2051.8,84.93316787485934,94.30667440814928,90.77018225861694,89.21295412153772,0.26666666666666666,9.373506533289941,5.837014383757605,4.279786246678384,-0.7332313374423052,-0.16941649489986332,-2.3046780039962442
RitvarsReimanis,8,6,14,2.0,5.0,7.0,0.0,0.0,0.0,5.0,1.0,6.0,2259.214285714286,86.51269510442731,94.38554926151178,90.87833192960044,90.98242704776938,0.5,7.8728541570844754,4.365636825173127,4.469731943342069,-0.6543564840797984,-0.06126682391636962,-0.5352050777645871
ViennaRocket,8,6,14,1.0,2.0,3.0,1.0,1.0,2.0,6.0,3.0,9.0,2200.214285714286,77.54761087869024,92.33348415680771,89.60455750958293,89.56888029388271,0.21428571428571427,14.785873278117478,12.056946630892696,12.021269415192478,-2.7064215887838685,-1.3350412439338726,-1.9487518316512507
guillead1,8,6,14,3.0,3.0,6.0,0.0,0.0,0.0,4.0,3.0,7.0,2304.8571428571427,87.28726759811431,96.38721120986376,92.37227891253997,91.60644403298315,0.42857142857142855,9.099943611749453,5.085011314425657,4.319176434868837,1.347305464272182,1.432680159023164,0.08881190744918399
jbj,8,6,14,4.0,3.0,7.0,0.0,0.0,0.0,3.0,3.0,6.0,2273.4285714285716,85.19089401852443,93.17883705263264,88.36038476960303,93.6939018268487,0.5,7.987943034108213,3.169490751078598,8.50300780832427,-1.8610686929589377,-2.5792139839137747,2.1762697013147374
tac49,8,6,14,5.0,2.0,7.0,2.0,2.0,4.0,1.0,2.0,3.0,2322.285714285714,90.54101253285404,96.7050059973153,93.0913396380739,92.30990022482163,0.5,6.163993464461257,2.550327105219864,1.768887691967592,1.6651002517237146,2.1517408845570998,0.7922680992876678
lukas_111111,8,6,14,3.0,4.0,7.0,0.0,0.0,0.0,5.0,2.0,7.0,2192.1428571428573,86.07235865983206,97.03912594201722,91.33897868474692,89.44094729188025,0.5,10.96676728218516,5.266620024914857,3.368588632048187,1.9992201964256395,0.39937993123011495,-2.076684833653715
kharposh,7,7,14,2.0,3.0,5.0,0.0,0.0,0.0,5.0,4.0,9.0,2023.7142857142858,86.91072399085242,94.58433551572588,91.39584799153818,92.09284323258716,0.35714285714285715,7.673611524873465,4.485124000685758,5.182119241734739,-0.4555702298656996,0.4562492380213712,0.5752111070531924
FytNob,7,7,14,1.0,1.0,2.0,0.0,0.0,0.0,4.0,6.0,10.0,1858.2142857142858,81.9775575517917,92.24190416272931,89.04792495604944,92.35988092206865,0.14285714285714285,10.264346610937608,7.070367404257738,10.38232337027695,-2.7980015828622697,-1.8916737974673623,0.8422487965346903
Cryptochess,7,7,14,4.0,1.0,5.0,1.0,1.0,2.0,2.0,5.0,7.0,2386.8571428571427,87.35013100157273,93.7078699240448,90.99683354373988,94.27658791809131,0.35714285714285715,6.357738922472066,3.646702542167148,6.926456916518575,-1.332035821546782,0.057234790223077425,2.7589557925573445
Malev212,7,7,14,6.0,3.0,9.0,0.0,0.0,0.0,1.0,3.0,4.0,2033.0714285714287,84.54745896848037,95.50947605278712,91.43561920221715,90.74368297980952,0.6428571428571429,10.962017084306751,6.888160233736784,6.19622401132915,0.46957030719553927,0.49602044870034945,-0.7739491457244441
FairChess_on_YouTube,7,7,14,7.0,3.0,10.0,0.0,0.0,0.0,0.0,0.0,0.0,2708.5714285714284,93.571090182974,96.5096779841298,93.87599054652074,96.10001836592255,0.7142857142857143,2.9385878011557907,0.3049003635467358,2.5289281829485475,1.4697722385382122,2.936391793003935,4.582386240388587
AnthonyWirig,7,7,14,3.0,4.0,7.0,1.0,1.0,2.0,3.0,2.0,5.0,2539.1428571428573,86.61702565345814,93.66177744943053,92.40495910288108,89.42550915186887,0.5,7.044751795972388,5.787933449422937,2.808483498410723,-1.3781282961610515,1.4653603493642748,-2.0921229736650986
JamesColeman,7,7,14,3.0,2.0,5.0,0.0,0.0,0.0,2.0,5.0,7.0,2303.6428571428573,86.348700598905,96.4228263104555,92.59668780237368,92.4891337875999,0.35714285714285715,10.074125711550508,6.247987203468682,6.1404331886948995,1.3829205648639231,1.657089048856875,0.9715016620659327
raskolnnikov,7,7,14,4.0,2.0,6.0,0.0,0.0,0.0,2.0,5.0,7.0,2274.4285714285716,87.98443770652445,96.38260551533436,90.34835069455251,89.76260957924869,0.42857142857142855,8.398167808809916,2.363912988028062,1.7781718727242435,1.3426997697427794,-0.5912480589642968,-1.755022546285275
vinceyoung15,6,8,14,1.0,4.0,5.0,0.0,0.0,0.0,5.0,4.0,9.0,2031.5,83.5211352268954,93.18317003722065,88.83888298873993,91.75481532063652,0.35714285714285715,9.662034810325252,5.3177477618445295,8.233680093741128,-1.856735708370934,-2.1007157647768793,0.2371831951025598
MikePerelshteyn,6,8,14,2.0,4.0,6.0,2.0,1.0,3.0,2.0,3.0,5.0,2032.142857142857,87.62644122456088,94.19238185450264,90.36060072973179,94.00818872086046,0.42857142857142855,6.565940629941764,2.7341595051709078,6.381747496299582,-0.8475238910889402,-0.5789980237850187,2.4905565953264954
alexsuper1987,7,6,13,2.0,1.0,3.0,0.0,0.0,0.0,4.0,5.0,9.0,2033.0,80.89837485170818,93.50455912680246,91.2447140788572,86.93897570850956,0.23076923076923078,12.606184275094279,10.346339227149016,6.040600856801376,-1.53534661878912,0.3051153253403953,-4.578656417024405
Konavets,7,6,13,5.0,3.0,8.0,0.0,0.0,0.0,1.0,3.0,4.0,2343.6923076923076,90.55162382425823,95.73753150039941,93.18290981106112,92.81814288568211,0.6153846153846154,5.185907676141184,2.6312859868028937,2.266519061423878,0.6976257548078308,2.243311057544318,1.3005107601481427
mokerslag,6,7,13,3.0,4.0,7.0,0.0,0.0,0.0,3.0,2.0,5.0,2328.0,86.00298712554465,94.54905306512977,91.89418754434239,90.39714546777769,0.5384615384615384,8.54606593958512,5.891200418797737,4.394158342233041,-0.4908526804618134,0.9545887908255821,-1.120486657756274
Alexander_Donchenko,5,7,12,4.0,2.0,6.0,0.0,0.0,0.0,1.0,2.0,3.0,2342.4166666666665,87.55347823114084,94.43335310731219,93.45251789622027,92.73990471285846,0.5,6.879874876171343,5.899039665079428,5.186426481717618,-0.6065526382793962,2.512919142703467,1.2222725873244968
Quinten94,5,6,11,1.0,3.0,4.0,1.0,2.0,3.0,3.0,1.0,4.0,2130.5454545454545,88.32089858763847,96.3867582734858,92.18848650484712,91.8511081616345,0.36363636363636365,8.065859685847329,3.8675879172086525,3.530209573996032,1.3468525278942138,1.2488877513303152,0.3334760361005351
facu57,4,6,10,1.0,2.0,3.0,0.0,0.0,0.0,3.0,4.0,7.0,2056.5,86.61171140087531,94.63438588207653,91.36351107750984,89.67276043821974,0.3,8.022674481201221,4.751799676634533,3.061049037344432,-0.4055198635150532,0.42391232399303647,-1.8448716873142246
thegormacle,5,4,9,2.0,3.0,5.0,0.0,0.0,0.0,2.0,1.0,3.0,2464.1111111111113,86.67326576836844,94.31071538904557,89.0905880794824,93.36908670834035,0.5555555555555556,7.637449620677131,2.4173223111139635,6.6958209399719095,-0.7291903565460132,-1.8490106740344032,1.851454582806383
igorkovalenko,5,4,9,2.0,3.0,5.0,0.0,0.0,0.0,2.0,1.0,3.0,2464.3333333333335,89.37195055519821,93.91575259852554,92.47988210464558,94.91248094921808,0.5555555555555556,4.543802043327332,3.107931549447372,5.540530394019868,-1.124153147066039,1.5402833511287781,3.3948488236841143
KaydenTroffChess,5,4,9,2.0,2.0,4.0,0.0,0.0,0.0,1.0,2.0,3.0,2355.1111111111113,88.14660454133099,94.09813130027672,92.7231921532842,94.1264575807108,0.4444444444444444,5.951526758945732,4.576587611953215,5.979853039379819,-0.9417744453148629,1.7835933997673976,2.6088254551768415
Danesz22,5,4,9,4.0,3.0,7.0,0.0,0.0,0.0,1.0,1.0,2.0,2439.6666666666665,90.6290196267327,97.61981787332854,94.42488501475255,92.84352320946147,0.7777777777777778,6.990798246595844,3.7958653880198483,2.214503582728767,2.5799121277369608,3.4852862612357427,1.3258910839275018
GGuseinov,5,4,9,2.0,3.0,5.0,1.0,1.0,2.0,0.0,0.0,0.0,2537.222222222222,91.85716680494679,95.98926236056059,94.19908518526599,94.42104527243288,0.5555555555555556,4.132095555613802,2.3419183803192,2.5638784674860915,0.9493566149690054,3.259486431749181,2.903413146898913
GMBenjaminBok,5,4,9,3.0,3.0,6.0,0.0,0.0,0.0,0.0,0.0,0.0,2597.0,91.30177010603612,97.64749690881062,92.38965863120927,93.71203613770483,0.6666666666666666,6.345726802774507,1.087888525173156,2.410266031668712,2.607591163219041,1.4500598776924676,2.194404012170864
DrHolmes13,5,4,9,3.0,2.0,5.0,0.0,0.0,0.0,2.0,2.0,4.0,2203.8888888888887,88.10730967160868,95.60923870709983,91.5414309219671,93.52411868669354,0.5555555555555556,7.501929035491159,3.43412125035843,5.416809015084866,0.5693329615082519,0.6018321684503007,2.0064865611595764
Mugzyyy,5,4,9,3.0,3.0,6.0,0.0,0.0,0.0,2.0,1.0,3.0,2359.6666666666665,90.03700014852814,94.00442978129597,92.36175555395828,94.46483360351456,0.6666666666666666,3.967429632767832,2.324755405430139,4.427833454986427,-1.035475964295614,1.4221568004414706,2.947201477980599
crisfoisor,5,4,9,3.0,1.0,4.0,0.0,0.0,0.0,2.0,3.0,5.0,2119.0,81.2540880369774,93.64908532192601,89.27469351425034,90.42302704542566,0.4444444444444444,12.394997284948616,8.020605477272952,9.168939008448262,-1.3908204236655735,-1.66490523926646,-1.094605080108309
MichiganEagle,5,4,9,3.0,1.0,4.0,0.0,0.0,0.0,1.0,3.0,4.0,2285.3333333333335,84.18622194502726,95.36813083341748,89.81871042921587,85.56324221611163,0.4444444444444444,11.181908888390225,5.632488484188613,1.3770202710843762,0.3282250878258992,-1.1208883243009353,-5.954389909422332
ruzomberok,5,4,9,2.0,1.0,3.0,1.0,1.0,2.0,2.0,2.0,4.0,2217.222222222222,84.32930829848543,94.52428004649249,89.34557240804183,91.73681380751594,0.3333333333333333,10.194971748007063,5.016264109556403,7.407505509030514,-0.5156256990990897,-1.5940263454749726,0.21918168198197918
michaelk123,5,4,9,1.0,1.0,2.0,2.0,1.0,3.0,2.0,2.0,4.0,1903.4444444444443,87.29399224932997,94.04240108708399,92.04899121018252,95.13114325724713,0.2222222222222222,6.748408837754013,4.7549989608525465,7.837151007917157,-0.9975046585075944,1.1093924566657165,3.6135111317131674
chessmachined,5,4,9,2.0,2.0,4.0,0.0,0.0,0.0,3.0,2.0,5.0,2139.1111111111113,84.6929008166241,92.57907483835362,89.38611278002583,90.00074568645798,0.4444444444444444,7.886174021729516,4.693211963401723,5.307844869833872,-2.4608309072379626,-1.5534859734909787,-1.5168864390759893
Zhani-Z,5,4,9,4.0,1.0,5.0,0.0,0.0,0.0,1.0,2.0,3.0,1890.111111111111,88.60806318132722,96.23119293794838,91.55568453922602,91.41127116148246,0.5555555555555556,7.623129756621154,2.9476213578987966,2.8032079801552356,1.1912871923567963,0.6160857857092168,-0.10636096405150397
SabinaFoisor,5,4,9,2.0,2.0,4.0,0.0,0.0,0.0,3.0,1.0,4.0,2269.6666666666665,86.2878046276253,94.48080308439074,92.2668524758577,89.82958721861496,0.4444444444444444,8.192998456765437,5.979047848232398,3.541782590989655,-0.5591026612008392,1.327253722340899,-1.6880449069190036
Novak_Pezelj,5,4,9,3.0,2.0,5.0,0.0,0.0,0.0,2.0,2.0,4.0,2387.1111111111113,88.43701915405744,94.83906065798125,91.34115495813359,91.93107775816833,0.5555555555555556,6.402041503923812,2.904135804076148,3.49405860411089,-0.20084508761033248,0.40155620461678154,0.41344563263436385
GMG,4,5,9,4.0,2.0,6.0,0.0,0.0,0.0,0.0,0.0,0.0,2367.4444444444443,90.2836690492758,96.41195520748818,90.46857274053671,94.60425060752499,0.6666666666666666,6.128286158212376,0.18490369126091366,4.320581558249188,1.3720494618965944,-0.47102601298009006,3.0866184819910245
MartinZumsande,5,4,9,3.0,2.0,5.0,0.0,0.0,0.0,1.0,2.0,3.0,2239.222222222222,87.685027002422,95.59920448768933,90.33891125930874,94.1188799490405,0.5555555555555556,7.914177485267331,2.653884256886741,6.433852946618501,0.5592987420977522,-0.60068749420806,2.60124782350654
Fandorine,5,4,9,4.0,1.0,5.0,1.0,1.0,2.0,0.0,0.0,0.0,2564.6666666666665,91.98203079068172,95.2637785464037,93.83018657923039,96.42513114180676,0.5555555555555556,3.2817477557219803,1.8481557885486666,4.4431003511250395,0.22387280081211713,2.890587825713581,4.907499016272794
LyonBeast,5,4,9,4.0,3.0,7.0,0.0,0.0,0.0,1.0,1.0,2.0,2762.1111111111113,88.85164640199861,97.74941358517512,91.95816460185499,91.25608150950484,0.7777777777777778,8.897767183176512,3.1065181998563816,2.404435107506231,2.7095078395835372,1.0185658483381843,-0.2615506160291261
Zvonokchess,5,4,9,3.0,1.0,4.0,1.0,1.0,2.0,1.0,2.0,3.0,2484.8888888888887,90.33116361552521,94.48436232533922,93.39054867090573,94.9012705726817,0.4444444444444444,4.153198709814006,3.059385055380517,4.570106957156483,-0.5555434202523628,2.4509499173889253,3.3836384471477317
Inopov,5,4,9,3.0,3.0,6.0,0.0,0.0,0.0,2.0,1.0,3.0,2463.777777777778,82.20985255293505,95.98322999814592,91.97895029598492,89.92243517985418,0.6666666666666666,13.773377445210869,9.769097743049869,7.712582626919129,0.9433242525543335,1.0393515424681112,-1.5951969456797883
190l,4,5,9,0.0,0.0,0.0,0.0,0.0,0.0,1.0,4.0,5.0,1981.2222222222222,82.88158041515781,93.52532617305896,91.36489708370169,89.76099857333413,0.0,10.643745757901144,8.483316668543878,6.879418158176321,-1.5145795725326252,0.42529833018488716,-1.7566335521998298
Zlatan56,5,4,9,2.0,4.0,6.0,0.0,0.0,0.0,0.0,0.0,0.0,2517.1111111111113,87.9185751699468,95.74488298479883,90.42463140197093,94.08439013005011,0.6666666666666666,7.826307814852029,2.5060562320241218,6.1658149601033045,0.7049772392072526,-0.5149673515458772,2.5667580045161458
DARIO555,4,5,9,2.0,1.0,3.0,0.0,0.0,0.0,1.0,4.0,5.0,2204.8888888888887,87.47181556233745,95.06722021892357,90.5291822520877,93.35461953805185,0.3333333333333333,7.595404656586112,3.057366689750239,5.8828039757143955,0.02731447333198389,-0.41041650142911124,1.8369874125178853
ChessPsych0,4,5,9,1.0,3.0,4.0,0.0,0.0,0.0,3.0,2.0,5.0,2058.222222222222,84.63594938557932,95.35137429442096,91.70575243373959,88.4357386482765,0.4444444444444444,10.71542490884164,7.069803048160267,3.7997892626971748,0.3114685488293816,0.7661536802227857,-3.0818934772574664
Mazetovic,4,5,9,3.0,2.0,5.0,0.0,0.0,0.0,1.0,3.0,4.0,2349.1111111111113,87.30062544841725,96.08209373268659,93.01823823880488,91.82057712178117,0.5555555555555556,8.781468284269337,5.7176127903876335,4.51995167336392,1.042187987095005,2.078639485288079,0.3029449962472057
Brandon_Clarke,4,5,9,3.0,2.0,5.0,0.0,0.0,0.0,1.0,3.0,4.0,2312.0,83.32198833335741,93.96735979707316,89.2716003054428,92.13486555102901,0.5555555555555556,10.645371463715747,5.949611972085393,8.812877217671598,-1.0725459485184246,-1.6679984480740018,0.6172334254950442
promen1999,4,5,9,2.0,3.0,5.0,0.0,0.0,0.0,1.0,2.0,3.0,2278.8888888888887,89.13038688596754,95.0895029012507,92.65433654656356,91.7934021928939,0.5555555555555556,5.959116015283158,3.523949660596017,2.6630153069263542,0.04959715565911438,1.7147377930467513,0.2757700673599288
gawk,4,5,9,2.0,1.0,3.0,0.0,0.0,0.0,1.0,4.0,5.0,2049.6666666666665,80.77370936815151,95.70116535563477,89.76220788526479,83.02976966105786,0.3333333333333333,14.927455987483256,8.988498517113271,2.2560602929063407,0.6612596100431887,-1.1773908682520187,-8.487862464476109
tigrangharamian,4,5,9,0.0,0.0,0.0,0.0,0.0,0.0,1.0,1.0,2.0,2509.222222222222,88.56883008212104,95.65737627238698,94.71942519435714,93.56244512887629,0.0,7.088546190265944,6.150595112236104,4.993615046755252,0.617470526795401,3.7798264408403384,2.044813003342327
9ShMat2,4,5,9,3.0,3.0,6.0,0.0,0.0,0.0,1.0,1.0,2.0,2447.6666666666665,92.23237104161291,95.24977989010875,95.47318512315393,93.52759541615434,0.6666666666666666,3.0174088484958475,3.240814081541018,1.2952243745414336,0.20987414451717257,4.533586369637121,2.0099632906203766
UnPolarizing,4,5,9,3.0,2.0,5.0,1.0,2.0,3.0,0.0,0.0,0.0,2241.5555555555557,87.80636652677867,93.20093871083503,92.02249349187673,93.7000540604775,0.5555555555555556,5.394572184056358,4.216126965098056,5.893687533698824,-1.8389670347565499,1.0828947383599257,2.182421934943534
ItalianMachine,4,5,9,3.0,1.0,4.0,0.0,0.0,0.0,1.0,4.0,5.0,2164.8888888888887,84.64366550491962,92.83762899173485,89.17890426370313,89.07493416944345,0.4444444444444444,8.193963486815221,4.535238758783507,4.431268664523827,-2.2022767538567365,-1.7606944898136732,-2.4426979560905124
Th3ChessViking,4,5,9,2.0,1.0,3.0,0.0,0.0,0.0,1.0,4.0,5.0,2379.222222222222,83.45822308461523,93.39341670850888,92.19962579522895,88.32189894547433,0.3333333333333333,9.935193623893653,8.741402710613727,4.863675860859104,-1.6464890370827021,1.2600270417121493,-3.1957331800596336
Tirantes,4,5,9,3.0,2.0,5.0,0.0,0.0,0.0,1.0,3.0,4.0,2199.0,90.12948288194836,96.05679763186828,92.89113391645441,93.15767634013747,0.5555555555555556,5.9273147499199155,2.7616510345060448,3.028193458189108,1.0168918862766958,1.9515351629376028,1.6400442146035061
Trendle,4,5,9,2.0,2.0,4.0,0.0,0.0,0.0,2.0,2.0,4.0,2205.5555555555557,85.95717479535233,94.52325292153559,92.17117550113313,92.76337217533546,0.4444444444444444,8.566078126183257,6.214000705780805,6.806197379983132,-0.5166528240559956,1.2315767476163302,1.2457400498014977
SidArun,4,5,9,0.0,0.0,0.0,1.0,1.0,2.0,3.0,3.0,6.0,1820.7777777777778,79.85449077639747,92.9499467683803,87.9141558436515,88.64484829930198,0.0,13.095455991982831,8.05966506725403,8.790357522904515,-2.089958977211282,-3.025442909865305,-2.8727838262319807
chito89,4,5,9,2.0,3.0,5.0,1.0,1.0,2.0,1.0,1.0,2.0,2586.3333333333335,88.17019996999397,96.30878988724436,89.95615084709615,93.01301534249347,0.5555555555555556,8.138589917250385,1.7859508771021808,4.842815372499501,1.2688841416527765,-0.9834479064206505,1.4953832169595103
biostatistician,4,5,9,0.0,0.0,0.0,0.0,0.0,0.0,4.0,1.0,5.0,2296.5555555555557,85.73565215081595,96.22526539311123,89.23203260756675,92.03797758287823,0.0,10.489613242295277,3.4963804567507992,6.3023254320622755,1.1853596475196468,-1.7075661459500537,0.5203454573442627
marabu44,4,5,9,0.0,0.0,0.0,1.0,1.0,2.0,1.0,4.0,5.0,2216.8888888888887,88.72006786090137,94.30956902186307,90.99098516661198,94.26309710648218,0.0,5.589501160961703,2.2709173057106113,5.5430292455808114,-0.730336723728513,0.05138641309517311,2.7454649809482135
minnesotachessmaster,4,5,9,0.0,0.0,0.0,0.0,0.0,0.0,2.0,3.0,5.0,1921.5555555555557,80.29471380137774,95.02300769840286,88.73432287773805,89.43090641943533,0.0,14.728293897025125,8.439609076360313,9.136192618057592,-0.016898047188718124,-2.205275875778753,-2.0867257060986333
XeresLt,4,5,9,0.0,0.0,0.0,0.0,0.0,0.0,1.0,4.0,5.0,2273.8888888888887,82.5174153785122,93.97456518508665,89.08958352164217,89.42060563420169,0.0,11.45714980657445,6.572168143129971,6.903190255689495,-1.0653405605049358,-1.850015231874636,-2.0970264913322723
xtremeungar,4,5,9,2.0,1.0,3.0,0.0,0.0,0.0,2.0,3.0,5.0,2232.0,84.09016089276109,94.3328637683507,91.58202380255369,90.09332063799347,0.3333333333333333,10.242702875589615,7.4918629097926015,6.003159745232381,-0.7070419772408769,0.6424250490368877,-1.4243114875404927
wannabe2700,4,5,9,2.0,2.0,4.0,0.0,0.0,0.0,2.0,3.0,5.0,2291.0,88.21223308484836,93.79100249673422,93.06145350815278,95.43052335339877,0.4444444444444444,5.578769411885858,4.849220423304416,7.218290268550405,-1.24890324885736,2.121854754635976,3.9128912278648045
HowToTameADragon,4,5,9,3.0,4.0,7.0,0.0,0.0,0.0,1.0,1.0,2.0,1959.0,92.85176787519532,91.3322955312753,94.4508342357083,96.71076848455273,0.7777777777777778,-1.5194723439200146,1.5990663605129782,3.859000609357409,-3.7076102143162757,3.511235482191495,5.193136359018766
DragonB70,4,5,9,0.0,0.0,0.0,0.0,0.0,0.0,3.0,2.0,5.0,2235.3333333333335,84.73772128757255,96.8774466339744,91.4075075989333,86.42306758937379,0.0,12.139725346401846,6.669786311360738,1.685346301801232,1.8375408883828186,0.46790884541648836,-5.094564536160178
MoreChessJulia,4,5,9,2.0,1.0,3.0,0.0,0.0,0.0,2.0,3.0,5.0,1881.111111111111,84.42178482890374,94.14640488549148,89.00382721734498,88.97846851390847,0.3333333333333333,9.724620056587739,4.582042388441238,4.556683685004728,-0.8935008601001044,-1.9357715361718277,-2.539163611625497
darsen_sanzhaev,4,5,9,3.0,3.0,6.0,0.0,0.0,0.0,1.0,2.0,3.0,2169.1111111111113,86.6501859104482,95.04343722902176,90.67746573654057,91.51326058409748,0.6666666666666666,8.393251318573562,4.027279826092368,4.86307467364928,0.00353148343018006,-0.2621330169762359,-0.004371541436483994
Rogue_King,3,5,8,2.0,1.0,3.0,0.0,0.0,0.0,1.0,3.0,4.0,2008.625,81.0593123825709,96.13423281567587,89.73028547300969,93.12661283113445,0.375,15.074920433104978,8.670973090438792,12.067300448563557,1.0943270700842902,-1.2093132805071178,1.6089807056004872
Polemistis,3,5,8,0.0,0.0,0.0,0.0,0.0,0.0,3.0,3.0,6.0,1349.0,79.50644799381904,94.12309464788652,87.24899950512147,85.07436864121607,0.0,14.61664665406748,7.7425515113024375,5.567920647397031,-0.9168110977050645,-3.69059924839533,-6.443263484317896
redchessman,4,4,8,3.0,1.0,4.0,0.0,0.0,0.0,1.0,3.0,4.0,2260.25,85.45517254235189,96.39446648463328,88.61550499736035,89.19729086766944,0.5,10.939293942281395,3.160332455008458,3.7421183253175485,1.3545607390417018,-2.324093756156458,-2.320341257864527
monika84,4,4,8,2.0,1.0,3.0,0.0,0.0,0.0,2.0,3.0,5.0,2044.0,84.10772823637093,95.74989461282627,88.53311005814642,90.01370877324857,0.375,11.642166376455336,4.425381821775488,5.905980536877635,0.709988867234685,-2.406488695370385,-1.5039233522853976
KestutisLabeckas,4,4,8,3.0,1.0,4.0,0.0,0.0,0.0,1.0,2.0,3.0,2383.875,89.83885376617798,96.48413263363264,92.6724318234085,94.20572626957039,0.5,6.645278867454664,2.8335780572305254,4.366872503392415,1.444226888041058,1.7328330698916972,2.6880941440364268
Spas_Kozhuharov,4,4,8,2.0,2.0,4.0,0.0,0.0,0.0,1.0,2.0,3.0,2411.0,87.30909424135417,96.0721050449114,93.63547077113975,91.571517588727,0.5,8.763010803557222,6.326376529785577,4.262423347372831,1.0321992993198137,2.6958720176229463,0.05388546319304055
Hikaru,4,4,8,3.0,2.0,5.0,0.0,0.0,0.0,0.0,0.0,0.0,2846.625,85.72349570873457,95.22216530842438,91.93870054400351,91.46883062243651,0.625,9.498669599689805,6.215204835268935,5.745334913701939,0.18225956283279743,0.999101790486705,-0.048801503097450905
DoctorMove,4,4,8,0.0,0.0,0.0,0.0,0.0,0.0,3.0,2.0,5.0,1757.75,80.00215200267351,95.72656308939796,89.04991804880534,84.47032610122208,0.0,15.724411086724444,9.047766046131827,4.468174098548573,0.6866573438063739,-1.8896807047114663,-7.0473060243118795
mat_kolosowski,5,3,8,1.0,2.0,3.0,0.0,0.0,0.0,2.0,1.0,3.0,2344.0,87.67881042741654,96.42424650377426,92.58554006842355,92.9709567967975,0.375,8.74543607635772,4.9067296410070185,5.2921463693809585,1.3843407581826739,1.64594131490675,1.4533246712635304
VerdeNotte,4,4,8,1.0,3.0,4.0,0.0,0.0,0.0,3.0,1.0,4.0,2515.375,90.23119492932314,93.23732579339493,94.05681240594433,94.82043390620342,0.5,3.0061308640717925,3.82561747662119,4.5892389768802815,-1.802579952196652,3.117213652427523,3.302801780669455
dsanchez1973,4,4,8,0.0,0.0,0.0,0.0,0.0,0.0,4.0,3.0,7.0,1837.5,79.12690097025508,94.49713206995163,87.98734586373675,83.02239635840237,0.0,15.370231099696554,8.86044489348167,3.895495388147296,-0.5427736756399497,-2.9522528897800555,-8.49523576713159
playerzr,4,4,8,1.0,1.0,2.0,0.0,0.0,0.0,2.0,3.0,5.0,1875.625,82.50901949560178,95.34887897655089,89.29867037000639,87.8726880971183,0.25,12.839859480949116,6.7896508744046145,5.3636686015165225,0.3089732309593103,-1.6409283835104134,-3.644944028415665
davopetr,4,4,8,2.0,3.0,5.0,0.0,0.0,0.0,0.0,0.0,0.0,2564.25,95.03921081360201,97.11966680937867,93.7930990729094,97.69152557183601,0.625,2.08045599577666,-1.246111740692612,2.6523147582339988,2.079761063787089,2.8535003193925945,6.173893446302046
Baggio95,4,3,7,1.0,1.0,2.0,1.0,1.0,2.0,2.0,1.0,3.0,2366.0,87.31909532138039,94.58644675911808,90.60261012572292,91.79382160267862,0.2857142857142857,7.2673514377376875,3.2835148043425306,4.474726281298231,-0.4534589864735068,-0.33698862779388605,0.2761894771446549
jasrom,4,3,7,0.0,0.0,0.0,0.0,0.0,0.0,2.0,3.0,5.0,2206.1428571428573,84.16433799481952,95.77693110330893,92.65526031251291,85.48247255192295,0.0,11.612593108489406,8.49092231769339,1.3181345571034342,0.7370253577173429,1.7156615589961035,-6.035159573611011
MITerryble,3,4,7,3.0,1.0,4.0,0.0,0.0,0.0,0.0,0.0,0.0,2499.0,89.42170707582683,97.07227704859922,92.49993782975143,91.57930165687931,0.5714285714285714,7.650569972772388,3.0782307539246005,2.1575945810524786,2.0323713030076362,1.5603390762346265,0.06166953134534481
Bigc08,4,3,7,1.0,1.0,2.0,0.0,0.0,0.0,3.0,2.0,5.0,1990.857142857143,85.27427078777524,93.72112248566418,91.19125080804274,90.5322919442285,0.2857142857142857,8.446851697888945,5.916980020267502,5.2580211564532675,-1.3187832599274003,0.251652054525934,-0.9853401813054603
MisaPap,4,3,7,1.0,2.0,3.0,0.0,0.0,0.0,2.0,1.0,3.0,2364.1428571428573,84.65082869106803,93.71831050340116,87.92699044559969,91.83247136730598,0.42857142857142855,9.067481812333128,3.276161754531657,7.181642676237956,-1.3215952421904262,-3.0126083079171195,0.3148392417720203
LePlusMortel,4,3,7,2.0,1.0,3.0,0.0,0.0,0.0,2.0,1.0,3.0,2377.0,89.80212785388046,94.81834870922316,91.67523256926009,97.05439454954657,0.42857142857142855,5.016220855342695,1.8731047153796254,7.252266695666108,-0.2215570363684236,0.7356338157432845,5.536762424012608
swayamsm,3,4,7,2.0,1.0,3.0,0.0,0.0,0.0,1.0,3.0,4.0,2318.1428571428573,85.25084351072714,96.02831974388623,89.42406105457631,91.13702034737598,0.42857142857142855,10.777476233159092,4.1732175438491765,5.886176836648843,0.9884139982946465,-1.5155376989404914,-0.3806117781579843
TomsKantans,4,2,6,0.0,0.0,0.0,0.0,0.0,0.0,2.0,2.0,4.0,2227.6666666666665,85.4160604649991,95.99580650256867,94.46197583927739,88.05564354222395,0.0,10.579746037569564,9.04591537427828,2.6395830772248416,0.955900756977087,3.5223770857605814,-3.461988583310017
CraiggoryC,3,3,6,0.0,0.0,0.0,0.0,0.0,0.0,3.0,2.0,5.0,1979.0,82.57938458321289,95.51538778227047,85.41136859461706,89.51758115188584,0.0,12.93600319905758,2.831984011404174,6.93819656867295,0.47548203667888345,-5.528230158899746,-2.000050973648129
KyronGriffith,3,3,6,0.0,0.0,0.0,1.0,1.0,2.0,1.0,2.0,3.0,2161.5,85.05242667622247,96.65570773005014,93.57429776000994,88.31186930654651,0.0,11.603281053827672,8.521871083787474,3.2594426303240454,1.6158019844585567,2.634699006493136,-3.205762818987452
HZMC92,2,4,6,1.0,2.0,3.0,0.0,0.0,0.0,1.0,2.0,3.0,2151.5,78.43027029890182,94.50377176141575,91.3466614277114,83.97016536282021,0.5,16.07350146251393,12.916391128809579,5.539895063918394,-0.5361339841758337,0.4070626741945915,-7.5474667627137535
josiwales,2,4,6,1.0,1.0,2.0,0.0,0.0,0.0,1.0,2.0,3.0,1803.3333333333333,85.1999319194172,92.42710954281876,86.6006813242531,92.07582335617217,0.3333333333333333,7.227177623401559,1.4007494048359064,6.875891436754969,-2.6127962027728273,-4.338917429263702,0.5581912306382009
Houdinovic,3,3,6,1.0,1.0,2.0,1.0,1.0,2.0,1.0,1.0,2.0,2273.6666666666665,86.44780294432094,96.13883743404585,93.38282944174965,92.21627667447603,0.3333333333333333,9.691034489724913,6.935026497428709,5.768473730155094,1.0989316884542717,2.4432306882328447,0.6986445489420703
Dr-Bassem,3,2,5,1.0,1.0,2.0,0.0,0.0,0.0,2.0,1.0,3.0,2359.6,88.8923760873428,96.53647989936742,92.42334360008547,92.52079165164315,0.4,7.644103812024625,3.530967512742677,3.6284155643003544,1.496574153775839,1.4837448465686691,1.0031595261091866
KingOfConvenience,3,2,5,2.0,1.0,3.0,0.0,0.0,0.0,1.0,1.0,2.0,2347.0,86.24439410561374,96.09563723010606,92.09932511247735,93.15639832717648,0.6,9.851243124492328,5.854931006863609,6.912004221562739,1.0557314845144816,1.1597263589605404,1.638766201642511
1random,3,2,5,1.0,2.0,3.0,0.0,0.0,0.0,0.0,0.0,0.0,2019.8,86.60112907137267,92.87583969771927,90.00389702374491,93.86498199895767,0.6,6.274710626346604,3.402767952372244,7.263852927585006,-2.1640660478723106,-0.9357017297718926,2.3473498734237097
Time2Pretend,3,2,5,0.0,0.0,0.0,0.0,0.0,0.0,1.0,1.0,2.0,2328.0,80.45007041035481,93.59519347904286,84.7431035676219,90.64302635988778,0.0,13.14512306868805,4.2930331572670895,10.192955949532973,-1.44471226654872,-6.196495185894904,-0.8746057656461801
Max_Schachmann,3,2,5,0.0,0.0,0.0,0.0,0.0,0.0,1.0,2.0,3.0,2400.0,79.85878927658916,93.75501316015149,90.14960945803455,88.06427954079085,0.0,13.896223883562328,10.290820181445383,8.205490264201686,-1.2848925854400903,-0.7899892954822576,-3.453352584743115
LittlePeasant,3,2,5,1.0,1.0,2.0,0.0,0.0,0.0,1.0,1.0,2.0,2394.4,87.85180475067678,96.72260175217608,94.22475525006666,90.338267886895,0.4,8.870797001499298,6.372950499389887,2.4864631362182195,1.682696006584493,3.2851564965498596,-1.1793642386389678
TooOldTooSlow70,3,2,5,0.0,0.0,0.0,0.0,0.0,0.0,0.0,0.0,0.0,2324.8,91.33844243824882,93.44446908026433,93.53038119231721,98.95441908546044,0.0,2.1060266420155074,2.1919387540683886,7.615976647211625,-1.5954366653272558,2.590782438800403,7.436786959926479
samhawkins,3,2,5,0.0,0.0,0.0,0.0,0.0,0.0,2.0,2.0,4.0,2320.2,86.10068729925328,94.12354852698836,90.71302952749984,92.57752199611127,0.0,8.022861227735078,4.612342228246561,6.476834696857992,-0.916357218603224,-0.22656922601696294,1.059889870577308
Beca95,2,3,5,1.0,1.0,2.0,0.0,0.0,0.0,0.0,0.0,0.0,2483.0,84.35508975428665,95.45591127702377,89.11163390973371,91.82635901710476,0.4,11.100821522737121,4.7565441554470596,7.471269262818112,0.4160055314321909,-1.8279648437830929,0.30872689157079947
kleber2007,2,3,5,1.0,1.0,2.0,0.0,0.0,0.0,0.0,0.0,0.0,2142.6,85.25380697800972,96.71398473459017,90.24787859196927,92.38214143592512,0.4,11.46017775658045,4.994071613959548,7.1283344579154,1.6740789889985876,-0.6917201615475363,0.8645093103911563
GM_Barcenilla,2,3,5,0.0,0.0,0.0,0.0,0.0,0.0,0.0,0.0,0.0,2558.8,88.70769105739046,94.45531957260911,93.50158926308431,96.09235404402473,0.0,5.747628515218651,4.79389820569385,7.384662986634268,-0.5845861729824691,2.561990509567508,4.574721918490766
asms9699,2,3,5,0.0,0.0,0.0,0.0,0.0,0.0,1.0,1.0,2.0,2211.0,88.03921237581173,96.07836373294576,90.0312136616748,96.00853546914254,0.0,8.039151357134031,1.9920012858630685,7.969323093330814,1.0384579873541782,-0.9083850918420069,4.490903343608579
A-Fier,2,3,5,1.0,1.0,2.0,0.0,0.0,0.0,1.0,1.0,2.0,2499.6,86.31726620065612,93.94304029922816,88.98084444991784,94.55507725460063,0.4,7.6257740985720375,2.663578249261718,8.237811053944512,-1.0968654463634238,-1.9587543035989654,3.0374451290666684
NMLuo,2,3,5,0.0,0.0,0.0,0.0,0.0,0.0,2.0,1.0,3.0,2063.8,87.18565890802543,94.1692773707552,87.60217237650609,95.72306592208722,0.0,6.9836184627297655,0.41651346848065884,8.537407014061785,-0.8706283748363859,-3.337426377010715,4.205433796553251
Byniolus,2,3,5,0.0,0.0,0.0,0.0,0.0,0.0,0.0,0.0,0.0,2317.8,87.3402134408221,94.94417316090895,87.87425713353691,94.19531465553214,0.0,7.6039597200868485,0.5340436927148176,6.8551012147100465,-0.09573258468263646,-3.0653416199798897,2.6776825299981795
lestri,2,3,5,1.0,2.0,3.0,0.0,0.0,0.0,1.0,1.0,2.0,2242.4,85.42603801230419,95.51613491759791,92.86537577240918,87.41431527069116,0.6,10.09009690529372,7.439337760104991,1.9882772583869723,0.4762291720063274,1.9257770188923757,-4.103316854842802
quitforever,2,3,5,1.0,2.0,3.0,0.0,0.0,0.0,1.0,1.0,2.0,2221.2,85.18604995216604,96.59995349652219,91.26515469887076,86.09657735485487,0.6,11.413903544356145,6.079104746704715,0.9105274026888281,1.5600477509306074,0.3255559453539547,-5.421054770679092
diokletian,2,3,5,1.0,1.0,2.0,0.0,0.0,0.0,0.0,0.0,0.0,2330.2,87.67134341385582,94.22064760291296,94.07622537390162,92.92622987611178,0.4,6.549304189057139,6.404881960045799,5.2548864622559535,-0.8192581426786205,3.136626620384817,1.4085977505778118
silverback96,2,3,5,1.0,1.0,2.0,0.0,0.0,0.0,1.0,2.0,3.0,2023.6,90.2490659386238,96.808475231934,90.50698087033216,96.07544287917449,0.4,6.559409293310196,0.2579149317083562,5.826376940550688,1.7685694863424146,-0.43261788318464767,4.557810753640524
andryusha,2,3,5,0.0,0.0,0.0,0.0,0.0,0.0,1.0,3.0,4.0,2036.8,82.92977113229195,96.60302443650987,88.06495761326694,88.22093067826748,0.0,13.673253304217923,5.135186480974994,5.291159545975532,1.5631186909182873,-2.8746411402498637,-3.2967014472664857
steinitz_attack,2,3,5,0.0,0.0,0.0,0.0,0.0,0.0,1.0,3.0,4.0,1764.8,80.64422840388238,94.4275093173217,87.17961382730223,85.75597574824938,0.0,13.783280913439313,6.535385423419854,5.111747344367004,-0.6123964282698893,-3.759984926214571,-5.761656377284581
matein28,2,2,4,0.0,0.0,0.0,0.0,0.0,0.0,1.0,2.0,3.0,2302.5,85.17546813131953,93.45264722797526,87.60468439309783,93.11697134250922,0.0,8.277179096655729,2.4292162617782935,7.9415032111896835,-1.5872585176163199,-3.3349143604189777,1.5993392169752525
MbMaster,2,2,4,0.0,0.0,0.0,0.0,0.0,0.0,1.0,2.0,3.0,2103.5,82.98494980719605,95.69610704996087,89.31037977587222,82.76049020566924,0.0,12.711157242764827,6.3254299686761755,-0.224459601526803,0.65620130436929,-1.6292189776445838,-8.757141919864722
kevin9512,2,2,4,0.0,0.0,0.0,0.0,0.0,0.0,0.0,0.0,0.0,1859.0,85.71759322104822,97.50692555977167,92.97597982282824,88.51941655539011,0.0,11.789332338723455,7.258386601780018,2.80182333434189,2.467019814180091,2.0363810693114317,-2.9982155701438558
lexiel,2,2,4,0.0,0.0,0.0,0.0,0.0,0.0,1.0,1.0,2.0,1852.75,85.64253559848648,95.90617867173285,87.9563537990344,91.52883178549465,0.0,10.26364307324637,2.313818200547928,5.8862961870081705,0.8662729261412636,-2.9832449544824016,0.011199659960681174
Palacios-LLera,2,2,4,0.0,0.0,0.0,0.0,0.0,0.0,1.0,2.0,3.0,2205.25,81.7247836965556,95.4490105499506,91.30760841215057,82.6868091369421,0.0,13.724226853394995,9.582824715594967,0.9620254403864976,0.40910480435901775,0.3680096586337669,-8.830822988591862
Fischwitsch,2,2,4,0.0,0.0,0.0,0.0,0.0,0.0,0.0,0.0,0.0,2059.5,76.1523498210993,92.06710965292191,87.41153207073027,90.44432740328807,0.0,15.914759831822607,11.259182249630967,14.291977582188764,-2.972796092669668,-3.5280666827865304,-1.0733047222458936
KingPetrosian,1,3,4,0.0,0.0,0.0,0.0,0.0,0.0,1.0,3.0,4.0,2080.75,88.34306401999547,93.78577278664403,90.94775328369957,94.76899522525113,0.0,5.442708766648565,2.6046892637041026,6.425931205255665,-1.254132958947551,0.008154530182764574,3.2513630997171674
Squirlolz,2,1,3,0.0,0.0,0.0,0.0,0.0,0.0,2.0,1.0,3.0,2121.0,84.35478993623276,95.63081514855286,85.2800330750477,93.39369452426529,0.0,11.276025212320093,0.9252431388149347,9.038904588032523,0.5909094029612731,-5.659565678469107,1.876062398731321
chorejason,2,1,3,0.0,0.0,0.0,0.0,0.0,0.0,1.0,1.0,2.0,1951.6666666666667,74.80538271104876,94.63947692134956,81.11162138961258,92.4029374962037,0.0,19.83409421030079,6.306238678563815,17.59755478515494,-0.4004288242420273,-9.827977363904225,0.8853053706697409
Enozen,1,2,3,0.0,0.0,0.0,0.0,0.0,0.0,0.0,0.0,0.0,2472.3333333333335,84.30492640736925,98.25410420011173,92.5081435476597,88.92883827838365,0.0,13.949177792742475,8.203217140290448,4.6239118710144,3.214198454520144,1.5685447941428947,-2.5887938471503134
ecwinslow,1,2,3,0.0,0.0,0.0,0.0,0.0,0.0,1.0,2.0,3.0,1994.3333333333333,80.71685444330997,94.302377532736,86.96510011047532,84.14001688740372,0.0,13.585523089426033,6.2482456671653495,3.423162444093748,-0.7375282128555796,-3.9744986430414855,-7.377615238130247
DaPazz,1,1,2,0.0,0.0,0.0,0.0,0.0,0.0,1.0,1.0,2.0,1862.0,81.45538415951114,94.20970540971842,82.50678931467527,94.54328245938105,0.0,12.754321250207283,1.051405155164133,13.087898299869906,-0.8302003358731582,-8.432809438841531,3.025650333847082
DatsFunny,1,1,2,0.0,0.0,0.0,0.0,0.0,0.0,1.0,1.0,2.0,2093.0,88.99776204025082,95.69149919999812,89.85214670410423,93.44530809102744,0.0,6.6937371597473,0.8543846638534092,4.447546050776623,0.6515934544065374,-1.0874520494125761,1.9276759654934779
Room_for_Squares64,1,1,2,0.0,0.0,0.0,0.0,0.0,0.0,0.0,0.0,0.0,1950.0,86.68494964432644,96.03675176724687,90.82984078125662,93.00769075750576,0.0,9.351802122920432,4.144891136930184,6.322741113179319,0.996846021655287,-0.10975797226018358,1.4900586319717917
gmsakk,1,1,2,0.0,0.0,0.0,0.0,0.0,0.0,0.0,0.0,0.0,2365.5,92.79974257764879,97.16426927479665,94.86274393984752,93.42182618118926,0.0,4.364526697147866,2.063001362198733,0.6220836035404744,2.1243635292050698,3.9231451863307143,1.9041940556552959
mortalbovine,1,1,2,0.0,0.0,0.0,0.0,0.0,0.0,0.0,0.0,0.0,1610.0,81.02096616749958,92.35347126195788,90.45395504148343,83.92855819795741,0.0,11.332505094458298,9.432988873983845,2.9075920304578347,-2.686434483633704,-0.4856437120333794,-7.58907392757655
