user,white_games,black_games,total_games,wins_white,wins_black,wins_total,draw_white,draw_black,draw_total,lose_white,lose_black,lose_total,elo,accuracy,accuracy_opening,accuracy_middlegame,accuracy_endgame,win_rate,OpenAcc-meanAcc,MiddleAcc-meanAcc,EndAcc-meanAcc,OpenAcc-meanOpenAcc,MiddleAcc-meanMiddleAcc,EndAcc-meanEndAcc
gumersindo,25,25,50,10.0,10.0,20.0,4.0,4.0,8.0,11.0,11.0,22.0,2103.52,83.98348947093054,95.39760249394686,90.12776545546441,90.79071078068378,0.4,11.414113023016327,6.144275984533877,6.8072213097532455,0.484877578686735,-0.6870766206345422,-0.6465245149034331
GeorgMeier,23,20,43,18.0,11.0,29.0,4.0,6.0,10.0,1.0,3.0,4.0,2636.906976744186,90.63035902557269,96.24688975206666,93.43062217571209,93.65537600568618,0.6744186046511628,5.616530726493977,2.8002631501394006,3.0250169801134916,1.3341648368065364,2.615780099613133,2.2181407100989645
jcibarra,22,19,41,13.0,13.0,26.0,3.0,2.0,5.0,6.0,4.0,10.0,2481.439024390244,89.98463466077376,96.23752873496656,92.72128082342064,93.01948832597847,0.6341463414634146,6.252894074192795,2.7366461626468777,3.0348536652047073,1.3248038197064318,1.9064387473216868,1.5822530303912572
exoticprincess,22,17,39,17.0,12.0,29.0,4.0,1.0,5.0,1.0,4.0,5.0,2702.846153846154,92.82542233996833,94.95083499491825,94.55213503072278,95.76276890422841,0.7435897435897436,2.125412654949926,1.7267126907544537,2.937346564260082,0.03811007965812507,3.7372929546238254,4.325533608641194
pKiLz5Rn9b,18,21,39,7.0,7.0,14.0,1.0,3.0,4.0,10.0,11.0,21.0,2209.25641025641,87.10939129681837,94.2483364557686,90.73683635101344,92.13769664127126,0.358974358974359,7.1389451589502215,3.6274450541950642,5.028305344452889,-0.6643884594915335,-0.07800572508551795,0.7004613456840474
oggy1984,18,21,39,7.0,6.0,13.0,0.0,0.0,0.0,11.0,12.0,23.0,2193.2051282051284,86.53542247095866,95.15335684479368,90.4287029732523,91.49435701934677,0.3333333333333333,8.617934373835013,3.893280502293635,4.9589345483881,0.24063192953354928,-0.38613910284665565,0.05712172375955049
DanielRensch,17,20,37,8.0,9.0,17.0,2.0,1.0,3.0,7.0,10.0,17.0,2326.2972972972975,85.6551435547137,94.2871263985983,90.47583685202375,91.74055152796662,0.4594594594594595,8.6319828438846,4.820693297310044,6.085407973252913,-0.6255985166618245,-0.3390052240752084,0.30331623237940164
bsmail,17,18,35,7.0,6.0,13.0,0.0,0.0,0.0,10.0,11.0,21.0,2097.6,84.9173891409877,94.7030380772473,89.97063568324441,89.89963322205979,0.37142857142857144,9.785648936259605,5.053246542256716,4.982244081072096,-0.2096868380128285,-0.8442063928545451,-1.5376020735274238
GedoGluperd,19,16,35,11.0,8.0,19.0,1.0,1.0,2.0,7.0,7.0,14.0,2289.9142857142856,84.35659246062437,94.26309527755934,89.42686293888282,91.27761058102034,0.5428571428571428,9.906502816934974,5.0702704782584505,6.921018120395971,-0.6496296377007837,-1.387979137216135,-0.1596247145668741
MattyDPerrine,15,19,34,4.0,7.0,11.0,1.0,3.0,4.0,10.0,9.0,19.0,2066.970588235294,85.273614795788,95.11683747791082,89.98704423134991,90.64656514967942,0.3235294117647059,9.843222682122814,4.713429435561906,5.372950353891412,0.20411256265069255,-0.8277978447490426,-0.7906701459077965
Hafez_Bakr,15,18,33,3.0,3.0,6.0,0.0,0.0,0.0,12.0,15.0,27.0,1799.909090909091,86.12016327052707,93.77277491673941,89.88257357433393,91.6952332256572,0.18181818181818182,7.6526116462123355,3.7624103038068597,5.575069955130132,-1.13994999852072,-0.932268501765023,0.2579979300699904
Gevorg_Harutjunyan,18,14,32,10.0,7.0,17.0,1.0,4.0,5.0,7.0,3.0,10.0,2490.90625,89.11702409682754,94.77220585248328,92.93225667344208,94.13152534199553,0.53125,5.655181755655747,3.815232576614548,5.014501245167992,-0.14051906277684623,2.117414597343128,2.6942900464083124
wonderfultime,17,15,32,10.0,9.0,19.0,2.0,3.0,5.0,5.0,3.0,8.0,2535.03125,87.54381512506903,95.95384462708036,91.56409555298306,91.70901400981856,0.59375,8.410029502011326,4.020280427914031,4.165198884749529,1.0411197118202296,0.7492534768841068,0.2717787142313455
AUSSIE_PINOY,16,16,32,5.0,6.0,11.0,2.0,1.0,3.0,9.0,9.0,18.0,2270.46875,83.62301905951159,92.38487097037617,88.26679193374339,89.95459146837644,0.34375,8.761851910864578,4.6437728742318,6.331572408864844,-2.527853944883958,-2.5480501423555637,-1.4826438272107794
rhungaski,17,15,32,9.0,7.0,16.0,4.0,2.0,6.0,4.0,6.0,10.0,2411.65625,88.18953843094889,95.73511902067358,91.08623122731782,93.22963374553052,0.5,7.545580589724693,2.8966927963689386,5.0400953145816345,0.8223941054134514,0.27138915121886953,1.792398449943306
Tilicheev_Viacheslav,15,17,32,10.0,7.0,17.0,3.0,4.0,7.0,2.0,6.0,8.0,2486.78125,88.25995778727813,95.02246178390475,92.06145351625804,92.8327776074086,0.53125,6.76250399662662,3.8014957289799156,4.572819820130476,0.1097368686446174,1.2466114401590858,1.3955423118213872
bugsbunny444,16,16,32,7.0,7.0,14.0,3.0,1.0,4.0,6.0,8.0,14.0,2292.875,87.1522206603925,95.02706404800193,90.94005586366356,91.86158313495956,0.4375,7.874843387609431,3.787835203271058,4.709362474567058,0.1143391327418044,0.12521378756460422,0.424347839372345
IMRosen,15,17,32,9.0,6.0,15.0,2.0,2.0,4.0,4.0,9.0,13.0,2046.25,86.15858505399709,95.23641547405053,90.89182860872292,92.06840691143556,0.46875,9.077830420053445,4.733243554725831,5.909821857438473,0.3236905587904033,0.07698653262396249,0.6311716158483449
stepanosinovsky,16,16,32,9.0,4.0,13.0,0.0,0.0,0.0,4.0,12.0,16.0,2263.1875,87.57271308796017,94.41666814171035,92.05609280640427,91.28504778116293,0.40625,6.843955053750179,4.483379718444098,3.712334693202763,-0.49605677354978184,1.2412507303053104,-0.15218751442428413
LADIESGET2KNOWME,17,15,32,7.0,6.0,13.0,2.0,3.0,5.0,8.0,6.0,14.0,2269.625,86.2641975218208,93.45103880954962,89.91995863008812,93.20864323038728,0.40625,7.186841287728811,3.6557611082673134,6.944445708566477,-1.4616861057105126,-0.8948834460108372,1.7714079348000666
GMHess,17,14,31,12.0,6.0,18.0,0.0,0.0,0.0,5.0,4.0,9.0,2457.8709677419356,89.3699071729971,94.85148910853408,93.34214731935255,93.34530694173215,0.5806451612903226,5.48158193553698,3.972240146355446,3.975399768735045,-0.061235806726045894,2.5273052432535934,1.9080716461449327
alturas_pacificas,14,16,30,6.0,4.0,10.0,0.0,0.0,0.0,8.0,11.0,19.0,2071.3,86.29758955510245,94.3875741234947,89.11698929956886,92.05509826839449,0.3333333333333333,8.089984568392254,2.819399744466409,5.75750871329204,-0.5251507917654266,-1.6978527765300981,0.6178629728072735
VovAn1991,16,14,30,9.0,10.0,19.0,0.0,0.0,0.0,5.0,4.0,9.0,2398.8,89.41238015552797,95.2716233452618,92.0420637380288,92.23732530440829,0.6333333333333333,5.8592431897338315,2.6296835825008316,2.8249451488803174,0.3588984300016733,1.2272216619298462,0.8000900088210727
PauloCesarCosta,14,16,30,3.0,2.0,5.0,2.0,3.0,5.0,9.0,11.0,20.0,2053.8,84.55192348018322,95.00146635530227,89.82892360791423,89.22801508303931,0.16666666666666666,10.44954287511905,5.277000127731014,4.67609160285609,0.08874144004214202,-0.9859184681847211,-2.209220212547905
megarompa,15,14,29,9.0,9.0,18.0,3.0,3.0,6.0,3.0,2.0,5.0,2595.551724137931,90.8224838576596,95.5505122494849,93.76788569783619,94.07038532519255,0.6206896551724138,4.7280283918252906,2.9454018401765865,3.247901467532941,0.6377873342247682,2.953043621737237,2.633150029605332
WanderingPuppet,12,16,28,3.0,3.0,6.0,0.0,0.0,0.0,7.0,13.0,20.0,2061.035714285714,80.0060876407355,94.4010631093567,88.27405171832909,86.96328694874875,0.21428571428571427,14.394975468621197,8.26796407759359,6.957199308013244,-0.5116618059034295,-2.5407903577698647,-4.473948346838469
Nouki,15,12,27,9.0,5.0,14.0,3.0,4.0,7.0,3.0,3.0,6.0,2627.740740740741,89.14739947849827,96.22641214020794,93.37227300776019,92.96013766645302,0.5185185185185185,7.079012661709669,4.224873529261913,3.81273818795475,1.313687224947813,2.55743093166123,1.5229023708658076
AlmirDzhumaev,13,13,26,7.0,4.0,11.0,0.0,0.0,0.0,6.0,8.0,14.0,2180.3846153846152,84.59036269271814,93.52589318401321,90.60731554845968,91.88950937604176,0.4230769230769231,8.935530491295069,6.016952855741536,7.299146683323613,-1.3868317312469145,-0.20752652763927415,0.45227408045454354
AlexanderL,13,12,25,7.0,9.0,16.0,0.0,0.0,0.0,6.0,2.0,8.0,2484.48,90.17746328120977,95.27997520144942,91.83165528533662,94.13600316415138,0.64,5.10251192023965,1.6541920041268554,3.958539882941608,0.36725028618928945,1.016813209237668,2.698767868564161
lorcho,12,13,25,5.0,5.0,10.0,1.0,2.0,3.0,6.0,6.0,12.0,2412.28,86.52571050593203,94.54634901347991,89.786431358693,92.88679068019589,0.4,8.020638507547886,3.2607208527609686,6.361080174263861,-0.3663759017802164,-1.0284107174059613,1.4495553846086722
pedromartinez91,12,13,25,9.0,5.0,14.0,1.0,2.0,3.0,2.0,6.0,8.0,2123.84,85.01875891864529,94.34672432576514,91.0629149407178,90.55197900888446,0.56,9.327965407119848,6.044156022072514,5.533220090239169,-0.5660005894949904,0.24807286461884814,-0.8852562867027558
DanielNaroditsky,12,13,25,9.0,9.0,18.0,0.0,0.0,0.0,2.0,4.0,6.0,2557.2,90.78968702601823,96.09715987636154,92.12385857009006,93.91050459595307,0.72,5.307472850343316,1.334171544071836,3.120817569934843,1.1844349611014167,1.309016493991109,2.473269300365857
zmaj23,11,13,24,5.0,4.0,9.0,1.0,3.0,4.0,5.0,6.0,11.0,2224.2083333333335,89.31352857054027,94.41514044452572,91.84452118334852,94.22969316331222,0.375,5.101611873985448,2.530992612808248,4.916164592771949,-0.4975844707344095,1.0296791072495637,2.7924578677250054
David_Klein,13,11,24,9.0,4.0,13.0,1.0,1.0,2.0,3.0,6.0,9.0,2359.4166666666665,88.50740545435507,94.11518677608682,92.30617710699791,94.4876775616879,0.5416666666666666,5.60778132173175,3.7987716526428414,5.980272107332837,-0.7975381391733123,1.4913350308989521,3.0504422661006885
FlySooHigh,13,10,23,8.0,3.0,11.0,1.0,4.0,5.0,4.0,3.0,7.0,2357.391304347826,87.8682083778674,95.49606274002721,89.29239272720095,94.03650680170928,0.4782608695652174,7.627854362159809,1.4241843493335438,6.168298423841875,0.5833378247670851,-1.5224493488980073,2.599271506122065
Carolina-moon,12,11,23,0.0,0.0,0.0,1.0,3.0,4.0,8.0,8.0,16.0,1949.3478260869565,80.50517155951836,94.14373719885238,86.66498284652528,88.08725374991288,0.0,13.638565639334018,6.159811287006917,7.582082190394516,-0.7689877164077501,-4.1498592295736785,-3.349981545674339
vovkcoach,13,10,23,7.0,6.0,13.0,0.0,0.0,0.0,6.0,4.0,10.0,2486.8260869565215,86.82229763147733,96.00174685941624,90.46503608016393,90.34345128244435,0.5652173913043478,9.179449227938917,3.6427384486866003,3.5211536509670225,1.0890219441561158,-0.3498059959350286,-1.0937840131428658
petrpalachev,13,10,23,7.0,3.0,10.0,2.0,1.0,3.0,4.0,6.0,10.0,2414.6521739130435,86.59763696703055,94.44149266780855,91.55619343690643,92.77965121270081,0.43478260869565216,7.843855700777993,4.958556469875873,6.18201424567026,-0.47123224745158154,0.7413513608074709,1.3424159171135983
EltajSafarli,12,11,23,10.0,7.0,17.0,2.0,3.0,5.0,0.0,0.0,0.0,2606.1739130434785,93.0286579562171,95.99426220109108,94.61707085162594,95.46648244724352,0.7391304347826086,2.9656042448739726,1.5884128954088368,2.4378244910264186,1.0815372858309473,3.8022287755269844,4.029247151656307
AkshatChandra,10,13,23,7.0,8.0,15.0,0.0,0.0,0.0,3.0,2.0,5.0,2403.4347826086955,88.44321000132241,96.14337224202423,91.24982478560541,93.75850293375748,0.6521739130434783,7.700162240701815,2.806614784282999,5.315292932435071,1.2306473267640996,0.4349827095064569,2.3212676381702693
Yaacovn,11,12,23,6.0,6.0,12.0,2.0,2.0,4.0,3.0,4.0,7.0,2580.9565217391305,87.97923260272432,93.915021107453,92.44235507312669,92.28992965299287,0.5217391304347826,5.935788504728677,4.463122470402368,4.310697050268544,-0.9977038078071274,1.6275129970277362,0.8526943574056531
GulamaliRises,12,11,23,7.0,2.0,9.0,0.0,0.0,0.0,5.0,6.0,11.0,2362.7391304347825,87.39654278556625,94.96546141065772,93.4620067813166,90.01337873704121,0.391304347826087,7.56891862509147,6.065463995750349,2.616835951474954,0.05273649539759617,2.647164705217648,-1.4238565585460066
Chesseducation4u,12,10,22,7.0,3.0,10.0,1.0,1.0,2.0,4.0,6.0,10.0,2300.909090909091,89.05676727345669,95.61845384296463,92.2171947950456,92.59123900505409,0.45454545454545453,6.561686569507941,3.1604275215889146,3.5344717315974066,0.7057289277044987,1.402352718946645,1.1540037094668776
BeerLag,10,12,22,6.0,3.0,9.0,0.0,0.0,0.0,4.0,8.0,12.0,2263.0,87.31065226049533,94.48684759942478,90.43444317716886,90.87854981741023,0.4090909090909091,7.176195338929446,3.123790916673528,3.5678975569149003,-0.4258773158353506,-0.38039889893009615,-0.558685478176983
jup1978,11,11,22,4.0,4.0,8.0,0.0,0.0,0.0,4.0,7.0,11.0,2142.7272727272725,87.73233915662003,96.13847179347962,92.02570910181461,92.02508602007464,0.36363636363636365,8.406132636859596,4.293369945194584,4.29274686345461,1.2257468782194962,1.2108670257156575,0.5878507244874243
chesstatour,11,11,22,5.0,2.0,7.0,0.0,0.0,0.0,5.0,9.0,14.0,1854.1363636363637,81.22613062930833,93.881203682593,87.2171850883027,87.65274621099584,0.3181818181818182,12.655073053284667,5.99105445899437,6.426615581687514,-1.0315212326671315,-3.597656987796256,-3.784489084591371
MinhGTrAn,12,10,22,7.0,4.0,11.0,1.0,1.0,2.0,4.0,5.0,9.0,2439.4545454545455,87.90657097645642,94.70912384602545,90.97984169749544,91.27557682924969,0.5,6.802552869569027,3.073270721039023,3.369005852793265,-0.20360106923467924,0.16499962139648972,-0.16165846633752778
ChessWarrior7197,10,12,22,3.0,6.0,9.0,1.0,1.0,2.0,6.0,5.0,11.0,1971.7272727272727,87.77131168898919,94.88497510599188,90.08130102023377,93.43899800116917,0.4090909090909091,7.113663417002698,2.30998933124458,5.667686312179981,-0.027749809268243553,-0.7335410558651887,2.001762705581953
162a54f5d,12,9,21,5.0,4.0,9.0,2.0,2.0,4.0,5.0,3.0,8.0,2300.4761904761904,87.63012783654175,94.44947631785982,91.30466974551692,93.0577199022388,0.42857142857142855,6.819348481318073,3.674541908975172,5.4275920656970555,-0.4632485974003089,0.48982766941796285,1.620484606651587
gmjlh,11,10,21,4.0,6.0,10.0,3.0,2.0,5.0,4.0,2.0,6.0,2500.809523809524,89.18711735702377,96.15973045398385,92.35055685785665,93.48812785218303,0.47619047619047616,6.972613096960089,3.1634395008328795,4.301010495159261,1.2470055387237267,1.5357147817576902,2.0508925565958123
Rijeka1999,12,9,21,3.0,3.0,6.0,0.0,0.0,0.0,9.0,5.0,14.0,2252.3809523809523,84.45426501213093,95.2713328917979,91.35155844930014,88.86375063767473,0.2857142857142857,10.817067879666965,6.8972934371692105,4.409485625543795,0.358607976537769,0.5367163732011875,-2.5734846579124877
grandmastergauri,11,10,21,8.0,2.0,10.0,1.0,1.0,2.0,2.0,7.0,9.0,2299.3809523809523,87.24608890052332,95.19549265322235,93.05471336558037,92.29353323172816,0.47619047619047616,7.949403752699027,5.808624465057051,5.047444331204844,0.2827677379622173,2.239871289481414,0.8562979361409475
GasconJR,10,10,20,5.0,4.0,9.0,0.0,0.0,0.0,5.0,6.0,11.0,2195.5,84.75209003594752,95.81430598406416,91.09248125066401,88.37609182866545,0.45,11.062215948116645,6.34039121471649,3.6240017927179338,0.9015810688040347,0.2776391745650528,-3.061143466921763
Kacparov,9,11,20,5.0,6.0,11.0,0.0,0.0,0.0,3.0,5.0,8.0,2383.25,89.18872704410518,94.1053860413437,92.55492991140184,93.43823291758774,0.55,4.916658997238528,3.366202867296664,4.249505873482562,-0.8073388739164216,1.7400878353028872,2.0009976220005257
Imre91,10,9,19,7.0,3.0,10.0,1.0,3.0,4.0,2.0,3.0,5.0,2534.9473684210525,89.47978666468596,94.34763855292243,92.90046360648964,94.43983405121521,0.5263157894736842,4.867851888236473,3.420676941803677,4.960047386529254,-0.5650863623376949,2.085621530390682,3.002598755628
VSERGUEI,9,10,19,4.0,7.0,11.0,0.0,0.0,0.0,4.0,3.0,7.0,2327.1052631578946,90.17078076308334,95.71168685491313,93.08490675547726,93.25174878697396,0.5789473684210527,5.5409060918297826,2.9141259923939202,3.0809680238906196,0.7989619396529974,2.270064679378308,1.814513491386748
HansCoolNiemann,10,9,19,2.0,3.0,5.0,1.0,2.0,3.0,7.0,4.0,11.0,1799.6315789473683,86.24312686609292,93.83860704937081,90.69847509487074,93.27723712582528,0.2631578947368421,7.5954801832778855,4.455348228777822,7.034110259732358,-1.0741178658893205,-0.11636698122821088,1.8400018302380658
Sebastian,9,9,18,8.0,5.0,13.0,0.0,0.0,0.0,1.0,4.0,5.0,2535.0555555555557,89.73114249639376,96.48137142826087,92.98238766951326,92.8725273238395,0.7222222222222222,6.750228931867113,3.2512451731195,3.141384827445748,1.5686465130007434,2.167545593414303,1.4352920282522916
ChessTrener,10,8,18,4.0,5.0,9.0,0.0,0.0,0.0,4.0,3.0,7.0,2466.222222222222,86.76650664949086,96.08876991489002,89.42675632957108,91.43813624357578,0.5,9.322263265399158,2.660249680080213,4.671629594084919,1.1760449996298945,-1.388085746527878,0.0009009479885691007
1stSecond,10,8,18,6.0,3.0,9.0,2.0,1.0,3.0,2.0,4.0,6.0,2363.4444444444443,88.31719625911518,94.82379769053767,90.86379092284118,92.89523803534094,0.5,6.506601431422496,2.5465946637259975,4.57804177622576,-0.08892722472245396,0.04894884674222055,1.4580027397537236
Philofive,9,9,18,4.0,3.0,7.0,0.0,0.0,0.0,1.0,6.0,7.0,2243.6666666666665,85.73846983068557,94.97052444730971,90.61365097333508,90.9518928079599,0.3888888888888889,9.23205461662414,4.8751811426495095,5.21342297727432,0.05779953204958588,-0.20119110276387175,-0.4853424876273209
IMLevAltounian,10,8,18,5.0,4.0,9.0,1.0,1.0,2.0,4.0,3.0,7.0,2328.5555555555557,84.41126300889539,95.77970726049415,92.67584104611979,90.40590433911444,0.5,11.36844425159876,8.264578037224396,5.9946413302190535,0.8669823452340211,1.8609989700208303,-1.0313309564727717
GMNeiksans,10,8,18,8.0,3.0,11.0,0.0,0.0,0.0,2.0,3.0,5.0,2498.8333333333335,89.24608163689375,96.28445413784353,91.48777905603933,93.65047426897632,0.6111111111111112,7.038372500949777,2.2416974191455807,4.404392632082576,1.3717292225833972,0.6729369799403742,2.2132389733891102
destroyer305,9,9,18,3.0,4.0,7.0,1.0,1.0,2.0,5.0,4.0,9.0,2162.4444444444443,88.23321497517335,95.39577712267838,90.9666629332348,92.56647361269496,0.3888888888888889,7.162562147505028,2.733447958061447,4.33325863752161,0.48305220741825394,0.1518208571358457,1.129238317107749
BjarkeSahl,9,9,18,5.0,4.0,9.0,0.0,0.0,0.0,4.0,4.0,8.0,2108.722222222222,87.54979950939371,94.90472671536733,91.22123998637903,91.94416034406024,0.5,7.354927205973624,3.6714404769853246,4.394360834666529,-0.007998199892796265,0.4063979102800772,0.5069250484730219
Argente,9,9,18,4.0,3.0,7.0,3.0,1.0,4.0,2.0,5.0,7.0,2183.1666666666665,85.01277106315507,94.7754194101954,92.43385605568272,88.64995240581958,0.3888888888888889,9.762648347040326,7.421084992527653,3.6371813426645048,-0.13730550506473094,1.6190139795837695,-2.7872828897676385
kesarev,9,9,18,3.0,2.0,5.0,4.0,2.0,6.0,2.0,5.0,7.0,2242.3888888888887,85.84410566805244,93.82151820640618,90.02971734864936,91.2088829857658,0.2777777777777778,7.977412538353747,4.185611680596921,5.3647773177133615,-1.0912067088539459,-0.7851247274495989,-0.22835230982141752
liczner,9,9,18,5.0,5.0,10.0,0.0,0.0,0.0,4.0,4.0,8.0,2410.3888888888887,88.56052946141489,95.97804902089173,92.58126779170674,91.0276810242794,0.5555555555555556,7.417519559476844,4.020738330291849,2.4671515628645153,1.0653241056316034,1.766425715607781,-0.40955427130781175
ameet100,9,9,18,6.0,4.0,10.0,0.0,0.0,0.0,3.0,5.0,8.0,2412.5555555555557,87.60393265825992,94.73394961565845,91.11000725053412,90.61817724675915,0.5555555555555556,7.130016957398524,3.506074592274203,3.014244588499224,-0.17877529960168204,0.2951651744351693,-0.8190580488280688
SuPeR_Fm,9,9,18,3.0,5.0,8.0,0.0,0.0,0.0,6.0,2.0,8.0,2339.3888888888887,86.61165078743362,94.01308376350767,90.84169321246958,92.7518484770277,0.4444444444444444,7.401432976074048,4.230042425035961,6.140197689594089,-0.8996411517524621,0.026851136370623863,1.3146131814404924
Schemato,9,9,18,4.0,4.0,8.0,2.0,1.0,3.0,3.0,4.0,7.0,2067.6666666666665,85.67401378044055,95.1710616428611,90.62293862744829,90.50907583907957,0.4444444444444444,9.497047862420558,4.948924847007746,4.835062058639025,0.2583367276009767,-0.19190344865066322,-0.9281594565076432
Danirod,9,9,18,4.0,3.0,7.0,2.0,1.0,3.0,3.0,5.0,8.0,2335.0,86.37733880751831,95.17624594988466,90.86209544127041,91.47315534964784,0.3888888888888889,8.798907142366346,4.484756633752099,5.095816542129526,0.2635210346245316,0.04725336517145706,0.03592005406062526
Ar4uha,9,9,18,5.0,7.0,12.0,0.0,0.0,0.0,3.0,2.0,5.0,2460.0,86.72236049775209,93.61965408731312,91.9293703895086,91.51424243770012,0.6666666666666666,6.897293589561031,5.207009891756513,4.791881939948027,-1.2930708279470053,1.1145283134096502,0.0770071421129046
jlandaw,8,10,18,4.0,6.0,10.0,0.0,0.0,0.0,3.0,4.0,7.0,2305.8888888888887,87.74262884224498,95.26789373598263,90.80220495731807,90.92038565482306,0.5555555555555556,7.525264893737642,3.059576115073085,3.1777568125780817,0.355168820722497,-0.012637118780887135,-0.5168496407641499
brauliocuarta,9,9,18,5.0,3.0,8.0,0.0,0.0,0.0,3.0,6.0,9.0,1995.2222222222222,83.91000519479104,94.99696388443655,88.70659475053799,90.19428778651059,0.4444444444444444,11.086958689645513,4.796589555746948,6.2842825917195455,0.08423896917642537,-2.108247325560967,-1.2429475090766289
THORK,9,9,18,5.0,2.0,7.0,0.0,0.0,0.0,4.0,3.0,7.0,2188.722222222222,86.99254877042287,93.05919152703424,90.8737192523637,91.50384131118999,0.3888888888888889,6.0666427566113725,3.8811704819408277,4.511292540767116,-1.853533388225884,0.05887717626474398,0.06660601560277257
Tomsel,9,9,18,4.0,3.0,7.0,0.0,0.0,0.0,5.0,5.0,10.0,2289.222222222222,85.90345556698581,93.72465567840534,88.64659387777378,90.39852915799798,0.3888888888888889,7.821200111419529,2.7431383107879697,4.495073591012172,-1.188069236854787,-2.1682481983251733,-1.0387061375892301
LuckyTiger,9,9,18,7.0,5.0,12.0,0.0,0.0,0.0,2.0,3.0,5.0,2490.8333333333335,86.58758151019862,95.84348511456139,90.34173551642189,92.4012745941734,0.6666666666666666,9.255903604362771,3.754154006223274,5.813693083974783,0.9307601993012611,-0.4731065596770634,0.9640392985861865
FabianEnglert,9,9,18,4.0,3.0,7.0,2.0,2.0,4.0,3.0,4.0,7.0,2240.0555555555557,87.44245077029304,95.68411383901362,91.14641040227637,91.5104546709807,0.3888888888888889,8.241663068720584,3.703959631983338,4.068003900687671,0.7713889237534914,0.33156832617741827,0.07321937539349221
AndreyOstrovskiy,8,10,18,5.0,3.0,8.0,2.0,2.0,4.0,1.0,5.0,6.0,2344.4444444444443,89.25558362577618,95.14917618298793,92.88240733824158,93.60634811967488,0.4444444444444444,5.893592557211747,3.626823712465395,4.350764493898694,0.23645126772780145,2.0675652621426224,2.1691128240876623
Aragon,8,10,18,3.0,5.0,8.0,0.0,0.0,0.0,5.0,5.0,10.0,2001.0,84.43987093300002,93.7881357526553,88.42446332841797,89.41880469440379,0.4444444444444444,9.34826481965527,3.9845923954179483,4.978933761403766,-1.1245891626048348,-2.390378747680984,-2.018430601183425
Mvpag,8,10,18,3.0,3.0,6.0,0.0,0.0,0.0,5.0,7.0,12.0,1870.9444444444443,83.81627817722848,94.48361048657026,89.33374561928325,91.52761252847567,0.3333333333333333,10.667332309341774,5.517467442054766,7.711334351247189,-0.4291144286898714,-1.4810964568157061,0.09037723288845712
Irochka83,8,10,18,4.0,6.0,10.0,0.0,0.0,0.0,4.0,4.0,8.0,2286.0,86.8656061035767,96.26071497914398,93.41893967170442,90.52043327109367,0.5555555555555556,9.395108875567288,6.5533335681277265,3.65482716751697,1.3479900638838558,2.6040975956054666,-0.9168020244935491
Colombiano07,8,9,17,2.0,1.0,3.0,0.0,0.0,0.0,4.0,8.0,12.0,1987.5882352941176,80.89040555383237,94.99649871493004,90.82460231012391,85.02063508172131,0.17647058823529413,14.106093161097675,9.934196756291541,4.130229527888943,0.08377379966991327,0.009760234024952297,-6.416600213865905
ilmago,7,10,17,2.0,3.0,5.0,0.0,0.0,0.0,5.0,7.0,12.0,1827.4705882352941,80.2461141446712,95.11864109432376,86.68553780683402,86.02065864512878,0.29411764705882354,14.872526949652567,6.439423662162824,5.77454450045758,0.20591617906363524,-4.129304269264935,-5.416576650458438
juniortay,9,8,17,0.0,0.0,0.0,2.0,2.0,4.0,3.0,6.0,9.0,2196.8823529411766,86.70110865148457,94.09921855784337,90.68034025554236,90.64525165928532,0.0,7.398109906358798,3.9792316040577873,3.944143007800747,-0.813506357416756,-0.13450182055659354,-0.7919836363018931
esr44,7,10,17,2.0,2.0,4.0,0.0,0.0,0.0,5.0,8.0,13.0,2043.5882352941176,83.11913631448849,94.15634169514774,87.88296401048116,90.64060359694608,0.23529411764705882,11.037205380659259,4.763827695992674,7.521467282457593,-0.756383220112383,-2.931878065617795,-0.7966316986411357
manitodeplomo,9,7,16,1.0,4.0,5.0,0.0,0.0,0.0,4.0,3.0,7.0,2308.9375,86.99710888961279,95.87910003932637,89.6134621406051,92.43832280857265,0.3125,8.881991149713585,2.6163532509923044,5.4412139189598605,0.9663751240662464,-1.2013799354938612,1.0010875129854355
patzerplay,8,8,16,4.0,4.0,8.0,0.0,0.0,0.0,4.0,4.0,8.0,2138.4375,85.58807770908273,94.62159674739725,89.61701384652737,91.18142560955825,0.5,9.033519038314523,4.028936137444646,5.593347900475521,-0.29112816786287965,-1.1978282295715843,-0.25580968602896803
hitaman,8,8,16,5.0,4.0,9.0,0.0,0.0,0.0,1.0,4.0,5.0,2390.3125,88.84977777447585,95.90337610813452,90.8528651898636,93.00111192018701,0.5625,7.05359833365867,2.0030874153877534,4.151334145711161,0.9906511928743953,0.03802311376465184,1.5638766245998
Dlugy,10,6,16,4.0,4.0,8.0,0.0,0.0,0.0,2.0,2.0,4.0,2567.75,89.83150202410852,96.23862750971949,92.38072007630511,93.56293897854295,0.5,6.407125485610976,2.5492180521965935,3.731436954434429,1.3259025944593645,1.5658780002061548,2.1257036829557308
Bab3s,7,9,16,3.0,2.0,5.0,0.0,0.0,0.0,4.0,6.0,10.0,2070.0,84.94206410380691,95.1949940703398,90.85984298335401,89.47248968854247,0.3125,10.25292996653289,5.9177788795471,4.5304255847355535,0.28226915507967476,0.045000907255058564,-1.9647456070447475
Vandros57,7,9,16,1.0,1.0,2.0,1.0,2.0,3.0,5.0,6.0,11.0,1819.125,85.25900145164829,95.11020510005925,90.34887122811772,90.6403356644129,0.125,9.851203648410959,5.089869776469428,5.381334212764614,0.19748018479911877,-0.46597084798123944,-0.7968996311743126
FrankieJay,7,8,15,1.0,2.0,3.0,1.0,2.0,3.0,5.0,4.0,9.0,2195.6,85.42063907637323,94.48714316464698,91.5492332714575,89.00548690388976,0.2,9.066504088273746,6.128594195084261,3.5848478275165263,-0.42558175061314785,0.7343911953585405,-2.431748391697454
iFrancisco,8,7,15,2.0,2.0,4.0,0.0,0.0,0.0,4.0,5.0,9.0,2306.866666666667,82.6686048118572,94.47168606671075,90.74763945118985,91.9869128791512,0.26666666666666666,11.803081254853552,8.079034639332662,9.318308067294012,-0.4410388485493826,-0.06720262490910045,0.5496775835639909
kinetix,7,8,15,0.0,0.0,0.0,0.0,0.0,0.0,7.0,6.0,13.0,1484.7333333333333,81.86226798611301,91.10041874922051,88.9413238406875,88.10284789417626,0.0,9.238150763107498,7.0790558545744915,6.240579908063253,-3.812306166039619,-1.8735182354114528,-3.3343874014109502
AungTZ,6,9,15,3.0,1.0,4.0,0.0,0.0,0.0,3.0,7.0,10.0,2051.8,83.80804935530213,93.96719436855622,90.73685388088253,88.00620722770749,0.26666666666666666,10.15914501325409,6.928804525580404,4.1981578724053605,-0.9455305467039068,-0.07798819521642031,-3.4310280678797227
RitvarsReimanis,8,6,14,2.0,5.0,7.0,0.0,0.0,0.0,5.0,1.0,6.0,2259.214285714286,86.43367385053551,94.0413217546994,91.02412399860076,90.87194973042611,0.5,7.607647904163883,4.590450148065244,4.438275879890597,-0.8714031605607317,0.2092819225018019,-0.5652855651611048
ViennaRocket,8,6,14,1.0,2.0,3.0,1.0,1.0,2.0,6.0,3.0,9.0,2200.214285714286,78.58462315436802,93.19888723000149,89.75580908219933,89.83699541144263,0.21428571428571427,14.614264075633471,11.171185927831317,11.252372257074612,-1.713837685258639,-1.0590329938996206,-1.6002398841445853
guillead1,8,6,14,3.0,3.0,6.0,0.0,0.0,0.0,4.0,3.0,7.0,2304.8571428571427,86.65837760474604,96.2038870656687,92.25112895721041,90.78722473947022,0.42857142857142855,9.54550946092266,5.592751352464376,4.128847134724182,1.2911621504085673,1.4362868811114566,-0.650010556116996
jbj,8,6,14,4.0,3.0,7.0,0.0,0.0,0.0,3.0,3.0,6.0,2273.4285714285716,85.15074421762536,93.1697049282683,87.78034634634133,93.46159866269153,0.5,8.018960710642943,2.629602128715973,8.31085444506617,-1.7430199869918255,-3.034495729757623,2.024363367104314
tac49,8,6,14,5.0,2.0,7.0,2.0,2.0,4.0,1.0,2.0,3.0,2322.285714285714,90.36109646563241,96.58485502377445,92.85136503386616,92.5863978940681,0.5,6.223758558142038,2.490268568233745,2.225301428435685,1.6721301085143239,2.036522957767204,1.1491625984808849
lukas_111111,8,6,14,3.0,4.0,7.0,0.0,0.0,0.0,5.0,2.0,7.0,2192.1428571428573,86.01626853726927,97.04235821888803,91.05616664505929,89.06521952558501,0.5,11.026089681618757,5.039898107790023,3.048950988315738,2.129633303627898,0.24132456896033716,-2.372015770002207
kharposh,7,7,14,2.0,3.0,5.0,0.0,0.0,0.0,5.0,4.0,9.0,2023.7142857142858,86.50941652585088,94.54409097963185,90.96419870384845,91.60459715146843,0.35714285714285715,8.034674453780966,4.454782177997572,5.0951806256175445,-0.3686339356282815,0.14935662774949776,0.16736185588121089
FytNob,7,7,14,1.0,1.0,2.0,0.0,0.0,0.0,4.0,6.0,10.0,1858.2142857142858,81.83357555580493,91.80114160633316,88.62817720594057,92.64705992715415,0.14285714285714285,9.967566050528234,6.794601650135647,10.813484371349219,-3.111583308926967,-2.1866648701583813,1.2098246315669314
Cryptochess,7,7,14,4.0,1.0,5.0,1.0,1.0,2.0,2.0,5.0,7.0,2386.8571428571427,87.44247172144892,93.55925397199357,90.77548104691,94.32212095549387,0.35714285714285715,6.116782250544645,3.3330093254610773,6.8796492340449475,-1.353470943266558,-0.03936102918895301,2.884885659906658
Malev212,7,7,14,6.0,3.0,9.0,0.0,0.0,0.0,1.0,3.0,4.0,2033.0714285714287,84.94585523614995,95.33766184097709,92.13164733356182,89.98476404056495,0.6428571428571429,10.391806604827138,7.185792097411863,5.038908804415001,0.4249369257169633,1.3168052574628604,-1.4524712550222603
FairChess_on_YouTube,7,7,14,7.0,3.0,10.0,0.0,0.0,0.0,0.0,0.0,0.0,2708.5714285714284,93.46629374241444,96.49006818344517,93.67764840040807,96.13240485771884,0.7142857142857143,3.0237744410307386,0.21135465799363828,2.6661111153044033,1.5773432681850466,2.862806324309119,4.695169562131625
AnthonyWirig,7,7,14,3.0,4.0,7.0,1.0,1.0,2.0,3.0,2.0,5.0,2539.1428571428573,86.52281717067646,93.40272265042321,92.10849931213964,89.88023148036024,0.5,6.879905479746753,5.585682141463181,3.357414309683776,-1.5100022648369134,1.293657236040687,-1.5570038152269774
JamesColeman,7,7,14,3.0,2.0,5.0,0.0,0.0,0.0,2.0,5.0,7.0,2303.6428571428573,86.27318305098262,95.83913031921927,92.04144521551989,92.96080571215238,0.35714285714285715,9.565947268236641,5.768262164537262,6.687622661169755,0.9264054039591372,1.2266031394209307,1.523570416565164
raskolnnikov,7,7,14,4.0,2.0,6.0,0.0,0.0,0.0,2.0,5.0,7.0,2274.4285714285716,88.21587333744753,96.63479364159522,90.72354107112699,89.84397161605557,0.42857142857142855,8.41892030414769,2.5076677336794546,1.6280982786080358,1.7220687263350953,-0.09130100497196736,-1.5932636795316455
vinceyoung15,6,8,14,1.0,4.0,5.0,0.0,0.0,0.0,5.0,4.0,9.0,2031.5,83.74123970743572,92.95734017981616,88.99974834591413,91.61350329355388,0.35714285714285715,9.216100472380433,5.258508638478403,7.872263586118152,-1.955384735443971,-1.8150937301848273,0.17626799796666148
MikePerelshteyn,6,8,14,2.0,4.0,6.0,2.0,1.0,3.0,2.0,3.0,5.0,2032.142857142857,87.52986628380064,93.93088606607162,90.43420701517674,93.45392551108685,0.42857142857142855,6.4010197822709785,2.904340731376095,5.924059227286207,-0.981838849188506,-0.38063506092221644,2.0166902154996365
alexsuper1987,7,6,13,2.0,1.0,3.0,0.0,0.0,0.0,4.0,5.0,9.0,2033.0,80.84369447287207,92.98282988775544,91.39045230173704,86.63232739204287,0.23076923076923078,12.13913541488337,10.546757828864969,5.788632919170794,-1.929895027504685,0.5756102256380871,-4.804907903544347
Konavets,7,6,13,5.0,3.0,8.0,0.0,0.0,0.0,1.0,3.0,4.0,2343.6923076923076,90.12606030330561,95.85192210913125,92.32022245561852,92.5256257578872,0.6153846153846154,5.7258618058256445,2.194162152312913,2.399565454581591,0.9391971938711237,1.5053803795195648,1.0883904622999836
mokerslag,6,7,13,3.0,4.0,7.0,0.0,0.0,0.0,3.0,2.0,5.0,2328.0,85.9231069412384,94.11655712259889,92.03127756764131,89.90778387840918,0.5384615384615384,8.19345018136049,6.108170626402909,3.984676937170775,-0.7961677926612367,1.2164354915423559,-1.5294514171780378
Alexander_Donchenko,5,7,12,4.0,2.0,6.0,0.0,0.0,0.0,1.0,2.0,3.0,2342.4166666666665,87.28291795773303,94.302814446597,92.91444971519535,92.29504152275352,0.5,7.019896488863964,5.631531757462312,5.012123565020488,-0.6099104686631307,2.0996076390963907,0.8578062271663072
Quinten94,5,6,11,1.0,3.0,4.0,1.0,2.0,3.0,3.0,1.0,4.0,2130.5454545454545,88.4705958433655,96.41731106572597,92.07773352892578,91.87807581458745,0.36363636363636365,7.946715222360467,3.607137685560275,3.407479971221946,1.5045861504658404,1.2628914528268211,0.4408405190002327
facu57,4,6,10,1.0,2.0,3.0,0.0,0.0,0.0,3.0,4.0,7.0,2056.5,86.89407859765126,94.61701166580004,91.37704739707002,89.7395900086163,0.3,7.722933068148777,4.482968799418757,2.8455114109650452,-0.2957132494600927,0.56220532097106,-1.6976452869709107
thegormacle,5,4,9,2.0,3.0,5.0,0.0,0.0,0.0,2.0,1.0,3.0,2464.1111111111113,86.90725015968313,93.68253076320194,89.80513536304242,93.18965789860981,0.5555555555555556,6.775280603518809,2.8978852033592943,6.282407738926679,-1.2301941520581892,-1.0097067130565307,1.7524226030225947
igorkovalenko,5,4,9,2.0,3.0,5.0,0.0,0.0,0.0,2.0,1.0,3.0,2464.3333333333335,90.23803042607281,94.36639458410238,93.05480688986249,95.37324821866372,0.5555555555555556,4.128364158029569,2.8167764637896795,5.1352177925909075,-0.5463303311577477,2.2399648137635353,3.936012923076504
KaydenTroffChess,5,4,9,2.0,2.0,4.0,0.0,0.0,0.0,1.0,2.0,3.0,2355.1111111111113,88.78266119425051,94.23737539736526,92.84845119785855,93.87098224985573,0.4444444444444444,5.454714203114747,4.065790003608043,5.0883210556052205,-0.6753495178948725,2.0336091217595964,2.433746954268514
Danesz22,5,4,9,4.0,3.0,7.0,0.0,0.0,0.0,1.0,1.0,2.0,2439.6666666666665,89.84103172044013,97.66801392876535,94.00577193145472,92.361028761807,0.7777777777777778,7.826982208325219,4.164740211014589,2.519997041366878,2.7552890135052195,3.190929855355762,0.9237934662197915
GGuseinov,5,4,9,2.0,3.0,5.0,1.0,1.0,2.0,0.0,0.0,0.0,2537.222222222222,92.2560766212206,95.79605079187453,93.97613647692894,95.0247073065434,0.5555555555555556,3.5399741706539345,1.7200598557083424,2.7686306853228047,0.883325876614407,3.1612944008299877,3.5874720109561906
GMBenjaminBok,5,4,9,3.0,3.0,6.0,0.0,0.0,0.0,0.0,0.0,0.0,2597.0,90.8123625212213,97.24871416861995,91.94776411532547,93.29108817789444,0.6666666666666666,6.436351647398652,1.1354015941041666,2.4787256566731344,2.335989253359827,1.1329220392265142,1.8538528823072227
DrHolmes13,5,4,9,3.0,2.0,5.0,0.0,0.0,0.0,2.0,2.0,4.0,2203.8888888888887,88.64636964261273,95.37703086844607,91.56322206531155,93.59160356518078,0.5555555555555556,6.7306612258333445,2.916852422698824,4.94523392256805,0.46430595318594214,0.7483799892125944,2.1543682695935615
Mugzyyy,5,4,9,3.0,3.0,6.0,0.0,0.0,0.0,2.0,1.0,3.0,2359.6666666666665,90.66320649347055,93.96445153905731,93.0631724467109,95.01836661043994,0.6666666666666666,3.3012450455867537,2.39996595324034,4.355160116969387,-0.9482733762028204,2.2483303706119386,3.581131314852726
crisfoisor,5,4,9,3.0,1.0,4.0,0.0,0.0,0.0,2.0,3.0,5.0,2119.0,81.5065406871306,93.772329067155,89.31598130494788,90.94989871352544,0.4444444444444444,12.265788380024404,7.8094406178172875,9.443358026394847,-1.140395848105129,-1.4988607711510724,-0.4873365820617721
MichiganEagle,5,4,9,3.0,1.0,4.0,0.0,0.0,0.0,1.0,3.0,4.0,2285.3333333333335,84.0635062648747,95.6677449986821,89.40989583152128,85.24023420386072,0.4444444444444444,11.604238733807392,5.346389566646579,1.1767279389860192,0.755020083421968,-1.4049462445776726,-6.1970010917264915
ruzomberok,5,4,9,2.0,1.0,3.0,1.0,1.0,2.0,2.0,2.0,4.0,2217.222222222222,84.8162506090386,94.36868042458661,89.8941711603804,91.96464253155256,0.3333333333333333,9.55242981554801,5.077920551341791,7.148391922513952,-0.5440444906735138,-0.92067091571856,0.5274072359653417
michaelk123,5,4,9,1.0,1.0,2.0,2.0,1.0,3.0,2.0,2.0,4.0,1903.4444444444443,87.28319837535793,94.08413454607545,92.25148824862492,94.93989244143717,0.2222222222222222,6.80093617071752,4.968289873266997,7.65669406607924,-0.8285903691846812,1.4366461725259683,3.502657145849952
chessmachined,5,4,9,2.0,2.0,4.0,0.0,0.0,0.0,3.0,2.0,5.0,2139.1111111111113,84.07273565564847,92.85419044474955,88.42101604094029,89.6853657322756,0.4444444444444444,8.781454789101076,4.348280385291815,5.612630076627127,-2.0585344705105797,-2.3938260351586678,-1.7518695633116153
Zhani-Z,5,4,9,4.0,1.0,5.0,0.0,0.0,0.0,1.0,2.0,3.0,1890.111111111111,88.2495620012511,96.3092250359814,91.29076329438398,90.62703501152444,0.5555555555555556,8.059663034730292,3.041201293132872,2.3774730102733344,1.3965001207212708,0.47592121828502343,-0.8102002840627733
SabinaFoisor,5,4,9,2.0,2.0,4.0,0.0,0.0,0.0,3.0,1.0,4.0,2269.6666666666665,86.20069917636417,94.17263191776107,92.29241195406065,90.14327817568497,0.4444444444444444,7.971932741396898,6.091712777696486,3.9425789993208014,-0.7400929974990618,1.4775698779616988,-1.2939571199022453
Novak_Pezelj,5,4,9,3.0,2.0,5.0,0.0,0.0,0.0,2.0,2.0,4.0,2387.1111111111113,88.46670645578459,95.24723747546638,90.9591686114721,91.85614509124902,0.5555555555555556,6.7805310196817885,2.4924621556875053,3.3894386354644297,0.33451256020624953,0.1443265353731391,0.4189097956618042
GMG,4,5,9,4.0,2.0,6.0,0.0,0.0,0.0,0.0,0.0,0.0,2367.4444444444443,89.75765130630404,96.36283562621932,89.13976169575061,94.93739500155522,0.6666666666666666,6.605184319915281,-0.6178896105534335,5.179743695251176,1.4501107109591942,-1.6750803803483478,3.5001597059680023
MartinZumsande,5,4,9,3.0,2.0,5.0,0.0,0.0,0.0,1.0,2.0,3.0,2239.222222222222,87.8777216009315,95.3512565952197,90.87263148794666,93.72944436854905,0.5555555555555556,7.473534994288201,2.9949098870151687,5.851722767617559,0.4385316799595671,0.057789411847707584,2.292209072961839
Fandorine,5,4,9,4.0,1.0,5.0,1.0,1.0,2.0,0.0,0.0,0.0,2564.6666666666665,91.93814929274592,94.81809003279376,93.64821478631747,96.77361096356624,0.5555555555555556,2.879940740047843,1.7100654935715482,4.835461670820322,-0.09463488246636587,2.8333727102185122,5.336375667979027
LyonBeast,5,4,9,4.0,3.0,7.0,0.0,0.0,0.0,1.0,1.0,2.0,2762.1111111111113,88.89638967708034,97.19824679602586,91.88205511441214,92.3545808679297,0.7777777777777778,8.30185711894552,2.9856654373318037,3.4581911908493623,2.285521880765728,1.0672130383131844,0.9173455723424837
Zvonokchess,5,4,9,3.0,1.0,4.0,1.0,1.0,2.0,1.0,2.0,3.0,2484.8888888888887,90.47154077098058,94.99385144501029,93.33823306721767,94.63077121551125,0.4444444444444444,4.522310674029711,2.8666922962370904,4.159230444530664,0.08112652975016488,2.523390991118717,3.193535919924031
Inopov,5,4,9,3.0,3.0,6.0,0.0,0.0,0.0,2.0,1.0,3.0,2463.777777777778,83.22629728555343,95.67156861819711,91.90803301491755,89.28589982456839,0.6666666666666666,12.445271332643685,8.68173572936412,6.059602539014961,0.7588437029369857,1.0931909388185943,-2.1513354710188253
190l,4,5,9,0.0,0.0,0.0,0.0,0.0,0.0,1.0,4.0,5.0,1981.2222222222222,83.81584331062398,93.80441698167049,91.07202736028431,90.12924121089051,0.0,9.98857367104651,7.256184049660334,6.313397900266537,-1.1083079335896429,0.25718528418535413,-1.307994084696702
Zlatan56,5,4,9,2.0,4.0,6.0,0.0,0.0,0.0,0.0,0.0,0.0,2517.1111111111113,87.90042406700466,95.71728196254493,90.75268705658947,93.72123310960177,0.6666666666666666,7.8168578955402666,2.8522629895848013,5.820809042597105,0.8045570472848027,-0.06215501950948976,2.2839978140145547
DARIO555,4,5,9,2.0,1.0,3.0,0.0,0.0,0.0,1.0,4.0,5.0,2204.8888888888887,87.09124902509969,95.12776885903365,90.8943226824518,92.30196994142163,0.3333333333333333,8.036519833933966,3.8030736573521153,5.210720916321947,0.21504394377352298,0.07948060635284548,0.8647346458344174
ChessPsych0,4,5,9,1.0,3.0,4.0,0.0,0.0,0.0,3.0,2.0,5.0,2058.222222222222,84.62466490200961,95.33144105399467,91.45154192544558,88.92671130748438,0.4444444444444444,10.706776151985054,6.826877023435969,4.302046405474769,0.4187161387345384,0.6366998493466269,-2.5105239881028325
Mazetovic,4,5,9,3.0,2.0,5.0,0.0,0.0,0.0,1.0,3.0,4.0,2349.1111111111113,87.6218889411619,96.14099759696002,92.20936468651996,92.21814716022854,0.5555555555555556,8.51910865579812,4.587475745358063,4.596258219066641,1.2282726816998917,1.3945226104210064,0.7809118646413253
Brandon_Clarke,4,5,9,3.0,2.0,5.0,0.0,0.0,0.0,1.0,3.0,4.0,2312.0,83.40433222581379,94.00338963930487,88.62572188931756,91.85898054896944,0.5555555555555556,10.599057413491082,5.221389663503771,8.454648323155652,-0.9093352759552573,-2.1891201867813948,0.4217452533822268
promen1999,4,5,9,2.0,3.0,5.0,0.0,0.0,0.0,1.0,2.0,3.0,2278.8888888888887,89.17612688359577,94.72837190353823,92.8622377705836,91.87030800473457,0.5555555555555556,5.552245019942461,3.6861108869878336,2.694181121138797,-0.1843530117218961,2.047395694484649,0.4330727091473534
gawk,4,5,9,2.0,1.0,3.0,0.0,0.0,0.0,1.0,4.0,5.0,2049.6666666666665,80.37132769999207,95.42934173475405,87.97854764084876,83.18619273939306,0.3333333333333333,15.058014034761982,7.6072199408566945,2.814865039400999,0.5166168194939189,-2.8362944352501955,-8.25104255619415
tigrangharamian,4,5,9,0.0,0.0,0.0,0.0,0.0,0.0,1.0,1.0,2.0,2509.222222222222,89.20924753116925,95.7906263696734,95.09937843921581,93.86664762822163,0.0,6.5813788385041505,5.890130908046558,4.657400097052374,0.8779014544132764,4.284536363116857,2.4294123326344135
9ShMat2,4,5,9,3.0,3.0,6.0,0.0,0.0,0.0,1.0,1.0,2.0,2447.6666666666665,92.0463138882643,95.50390386583577,95.12228756347575,93.17055162599685,0.6666666666666666,3.457589977571473,3.0759736752114577,1.1242377377325568,0.5911789505756389,4.307445487376796,1.733316330409636
UnPolarizing,4,5,9,3.0,2.0,5.0,1.0,2.0,3.0,0.0,0.0,0.0,2241.5555555555557,88.39994676290215,93.04040075366488,92.18784284387547,94.03562912082155,0.5555555555555556,4.640453990762737,3.7878960809733258,5.635682357919407,-1.8723241615952446,1.3730007677765173,2.5983938252343393
ItalianMachine,4,5,9,3.0,1.0,4.0,0.0,0.0,0.0,1.0,4.0,5.0,2164.8888888888887,84.8926120264603,92.52898987644573,89.54105054600859,89.08598732283566,0.4444444444444444,7.636377849985436,4.648438519548293,4.193375296375365,-2.383735038814393,-1.2737915300903637,-2.351247972751551
Th3ChessViking,4,5,9,2.0,1.0,3.0,0.0,0.0,0.0,1.0,4.0,5.0,2379.222222222222,84.28505628244788,93.15674206708579,92.25143808277191,88.12920023087685,0.3333333333333333,8.871685784637904,7.966381800324029,3.8441439484289646,-1.755982848174341,1.436596006672957,-3.308035064710367
Tirantes,4,5,9,3.0,2.0,5.0,0.0,0.0,0.0,1.0,3.0,4.0,2199.0,89.86522862498917,95.82144299439489,92.79189467074647,92.43239136422407,0.5555555555555556,5.956214369405714,2.926666045757301,2.5671627392349023,0.9087180791347578,1.9770525946475175,0.9951560686368595
Trendle,4,5,9,2.0,2.0,4.0,0.0,0.0,0.0,2.0,2.0,4.0,2205.5555555555557,86.34641612525617,94.9113342451731,92.29638651249027,92.62703573638369,0.4444444444444444,8.564918119916925,5.949970387234103,6.28061961112752,-0.0013906700870336408,1.4815444363913173,1.1898004407964748
SidArun,4,5,9,0.0,0.0,0.0,1.0,1.0,2.0,3.0,3.0,6.0,1820.7777777777778,79.76710815275779,92.9190109027521,87.83207143573395,88.8314895979462,0.0,13.15190274999432,8.064963282976166,9.064381445188417,-1.993714012508022,-2.982770640365004,-2.6057456976410123
chito89,4,5,9,2.0,3.0,5.0,1.0,1.0,2.0,1.0,1.0,2.0,2586.3333333333335,88.31507119782955,96.31935591222214,89.97219893838711,93.16795085557828,0.5555555555555556,8.004284714392583,1.6571277405575557,4.85287965774873,1.4066309969620079,-0.8426431377118462,1.7307155599910686
biostatistician,4,5,9,0.0,0.0,0.0,0.0,0.0,0.0,4.0,1.0,5.0,2296.5555555555557,86.1947495420521,96.41795859558714,89.46375831901786,92.51996496136722,0.0,10.223209053535044,3.2690087769657623,6.325215419315128,1.5052336803270094,-1.3510837570810992,1.0827296657800076
marabu44,4,5,9,0.0,0.0,0.0,1.0,1.0,2.0,1.0,4.0,5.0,2216.8888888888887,88.87739635296583,94.32256284799473,90.6507094165973,94.50640782284806,0.0,5.4451664950289,1.7733130636314627,5.629011469882229,-0.5901620672653962,-0.16413265950166078,3.0691725272608466
minnesotachessmaster,4,5,9,0.0,0.0,0.0,0.0,0.0,0.0,2.0,3.0,5.0,1921.5555555555557,84.07539772154799,94.60472018764311,88.91127050879851,89.1447364563333,0.0,10.529322466095124,4.835872787250523,5.069338734785319,-0.3080047276170177,-1.903571567300446,-2.292498839253909
XeresLt,4,5,9,0.0,0.0,0.0,0.0,0.0,0.0,1.0,4.0,5.0,2273.8888888888887,82.4284400563915,93.79499940936837,88.57313168041725,89.2177425507925,0.0,11.366559352976878,6.144691624025754,6.789302494400999,-1.1177255058917552,-2.2417103956817073,-2.219492744794721
xtremeungar,4,5,9,2.0,1.0,3.0,0.0,0.0,0.0,2.0,3.0,5.0,2232.0,84.10160374820758,94.26126257896465,91.51157470074443,89.69966221837308,0.3333333333333333,10.159658830757067,7.4099709525368525,5.598058470165498,-0.6514623362954808,0.6967326246454775,-1.7375730772141367
wannabe2700,4,5,9,2.0,2.0,4.0,0.0,0.0,0.0,2.0,3.0,5.0,2291.0,88.09596114217449,93.38767322639445,93.19308796340626,95.66511437335954,0.4444444444444444,5.2917120842199665,5.097126821231768,7.569153231185055,-1.5250516888656733,2.378245887307301,4.227879077772329
HowToTameADragon,4,5,9,3.0,4.0,7.0,0.0,0.0,0.0,1.0,1.0,2.0,1959.0,92.4186164633579,90.86223949274768,94.06238591513029,96.44208013639678,0.7777777777777778,-1.5563769706102306,1.6437694517723855,4.023463673038876,-4.050485422512452,3.247543839031337,5.004844840809568
DragonB70,4,5,9,0.0,0.0,0.0,0.0,0.0,0.0,3.0,2.0,5.0,2235.3333333333335,84.38909592195436,96.70176518267291,91.45489826443259,85.38762276093715,0.0,12.31266926071855,7.0658023424782215,0.9985268389827837,1.789040267412787,0.6400561883336309,-6.049612534650066
MoreChessJulia,4,5,9,2.0,1.0,3.0,0.0,0.0,0.0,2.0,3.0,5.0,1881.111111111111,84.06114060721524,93.81203037653971,88.89040640815328,88.77571315344163,0.3333333333333333,9.750889769324473,4.829265800938046,4.7145725462263925,-1.1006945387204183,-1.924435667945673,-2.6615221421455857
darsen_sanzhaev,4,5,9,3.0,3.0,6.0,0.0,0.0,0.0,1.0,2.0,3.0,2169.1111111111113,87.16170167938155,95.17878149472855,91.2445276552894,91.4967725443343,0.6666666666666666,8.017079815347003,4.082825975907852,4.335070864952755,0.266056579468426,0.4296855791904477,0.0595372487470911
Rogue_King,3,5,8,2.0,1.0,3.0,0.0,0.0,0.0,1.0,3.0,4.0,2008.625,80.86532538250411,95.61596817753174,89.50899366922934,92.74409336772912,0.375,14.75064279502763,8.64366828672523,11.87876798522501,0.7032432622716129,-1.3058484068696146,1.3068580721419067
Polemistis,3,5,8,0.0,0.0,0.0,0.0,0.0,0.0,3.0,3.0,6.0,1349.0,79.53031996623702,94.12013816375,87.04563921115881,84.78809422998816,0.0,14.589818197512983,7.515319244921798,5.257774263751145,-0.7925867515101288,-3.769202864940141,-6.6491410655990535
redchessman,4,4,8,3.0,1.0,4.0,0.0,0.0,0.0,1.0,3.0,4.0,2260.25,85.65311678100974,95.67785464143536,88.75706644933054,88.66526048082574,0.5,10.024737860425617,3.1039496683207943,3.0121436998159936,0.7651297261752319,-2.057775626768418,-2.771974814761478
monika84,4,4,8,2.0,1.0,3.0,0.0,0.0,0.0,2.0,3.0,5.0,2044.0,84.5952069216568,95.70876581188008,89.38402865023814,90.48621056058133,0.375,11.113558890223288,4.78882172858134,5.891003638924531,0.7960408966199566,-1.4308134258608192,-0.9510247350058876
KestutisLabeckas,4,4,8,3.0,1.0,4.0,0.0,0.0,0.0,1.0,2.0,3.0,2383.875,90.16178028968999,96.70094994883068,92.67278198257301,93.66451783770093,0.5,6.539169659140697,2.5110016928830277,3.5027375480109413,1.788225033570555,1.8579399064740585,2.227282542113713
Spas_Kozhuharov,4,4,8,2.0,2.0,4.0,0.0,0.0,0.0,1.0,2.0,3.0,2411.0,87.6136020713501,96.05238537670502,94.19843188040294,91.4346615695425,0.5,8.438783305354917,6.5848298090528345,3.8210594981923975,1.1396604614448904,3.3835898043039805,-0.0025737260447158405
Hikaru,4,4,8,3.0,2.0,5.0,0.0,0.0,0.0,0.0,0.0,0.0,2846.625,85.7107602597691,94.78596361430063,92.0747075805136,91.16198744355925,0.625,9.075203354531524,6.363947320744501,5.451227183790152,-0.126761300959501,1.2598655044146483,-0.27524785202795954
DoctorMove,4,4,8,0.0,0.0,0.0,0.0,0.0,0.0,3.0,2.0,5.0,1757.75,80.54115823411739,95.42538125249243,88.54612214302792,86.12634210566658,0.0,14.884223018375039,8.004963908910526,5.585183871549191,0.5126563372323005,-2.26871993307104,-5.310893189920634
mat_kolosowski,5,3,8,1.0,2.0,3.0,0.0,0.0,0.0,2.0,1.0,3.0,2344.0,87.70961749495524,95.77488723058423,92.18510795191675,92.44847586751054,0.375,8.065269735628988,4.475490456961509,4.738858372555299,0.8621623153240989,1.3702658758177932,1.0112405719233237
VerdeNotte,4,4,8,1.0,3.0,4.0,0.0,0.0,0.0,3.0,1.0,4.0,2515.375,90.45551808770327,93.0312897441941,94.28945986679594,94.64676807367044,0.5,2.5757716564908293,3.833941779092669,4.1912499859671755,-1.8814351710660304,3.474617790696982,3.2095327780832292
dsanchez1973,4,4,8,0.0,0.0,0.0,0.0,0.0,0.0,4.0,3.0,7.0,1837.5,79.20306909715684,94.87016100316468,88.3321621532443,83.52645395273974,0.0,15.66709190600784,9.129093056087456,4.323384855582901,-0.042563912095445744,-2.4826799228546577,-7.910781342847471
playerzr,4,4,8,1.0,1.0,2.0,0.0,0.0,0.0,2.0,3.0,5.0,1875.625,82.89937408977522,95.34481446543447,89.28309423079499,88.04841241616808,0.25,12.445440375659246,6.383720141019765,5.149038326392855,0.43208955017433937,-1.5317478453039683,-3.3888228794191377
davopetr,4,4,8,2.0,3.0,5.0,0.0,0.0,0.0,0.0,0.0,0.0,2564.25,94.97719994117764,96.73111811458347,94.45308334757217,97.62180348418143,0.625,1.7539181734058218,-0.5241165936054699,2.6446035430037824,1.8183931993233386,3.6382412714732197,6.184568188594213
Baggio95,4,3,7,1.0,1.0,2.0,1.0,1.0,2.0,2.0,1.0,3.0,2366.0,86.5686437067232,94.41977667298355,90.49632991101087,90.58088705125783,0.2857142857142857,7.8511329662603515,3.9276862042876814,4.012243344534639,-0.49294824227658296,-0.3185121650880802,-0.8563482443293822
jasrom,4,3,7,0.0,0.0,0.0,0.0,0.0,0.0,2.0,3.0,5.0,2206.1428571428573,83.12740633102212,95.76236079870078,92.207899734795,85.32629990939562,0.0,12.634954467678668,9.080493403772891,2.1988935783735,0.849635883440655,1.3930576586960512,-6.110935386191599
MITerryble,3,4,7,3.0,1.0,4.0,0.0,0.0,0.0,0.0,0.0,0.0,2499.0,89.75490684487768,96.6392124462479,92.03697299145725,91.68681062150904,0.5714285714285714,6.884305601370215,2.2820661465795666,1.9319037766313585,1.726487530987768,1.2221309153582922,0.24957532592182474
Bigc08,4,3,7,1.0,1.0,2.0,0.0,0.0,0.0,3.0,2.0,5.0,1990.857142857143,85.00651337287688,93.63285972233449,90.6010254723714,90.40257405119416,0.2857142857142857,8.626346349457606,5.594512099494523,5.3960606783172835,-1.2798651929256408,-0.21381660372755107,-1.0346612443930496
MisaPap,4,3,7,1.0,2.0,3.0,0.0,0.0,0.0,2.0,1.0,3.0,2364.1428571428573,84.86944141492879,93.80193635996127,87.62848570799191,92.18570708219325,0.42857142857142855,8.932494945032488,2.759044293063127,7.31626566726446,-1.1107885552988535,-3.1863563681070417,0.7484717866060322
LePlusMortel,4,3,7,2.0,1.0,3.0,0.0,0.0,0.0,2.0,1.0,3.0,2377.0,89.85973497193295,94.18380721153245,91.72424053251356,96.80140972663374,0.42857142857142855,4.324072239599502,1.8645055605806107,6.941674754700784,-0.7289177037276744,0.9093984564146069,5.364174431046521
swayamsm,3,4,7,2.0,1.0,3.0,0.0,0.0,0.0,1.0,3.0,4.0,2318.1428571428573,85.7883575090061,95.48671929005204,89.03458039473173,92.85302163702553,0.42857142857142855,9.698361781045932,3.2462228857256292,7.06466412801943,0.5739943747919085,-1.7802616813672216,1.41578634143832
TomsKantans,4,2,6,0.0,0.0,0.0,0.0,0.0,0.0,2.0,2.0,4.0,2227.6666666666665,85.95723921822353,95.52788122916999,94.81915798133348,88.54573677157695,0.0,9.570642010946457,8.86191876310994,2.5884975533534202,0.6151563139098641,4.00431590523452,-2.8914985240102595
CraiggoryC,3,3,6,0.0,0.0,0.0,0.0,0.0,0.0,3.0,2.0,5.0,1979.0,82.18851821304948,94.74588759179512,85.2233746286292,89.14339260884056,0.0,12.557369378745648,3.034856415579725,6.95487439579108,-0.16683732346500335,-5.591467447469753,-2.2938426867466575
KyronGriffith,3,3,6,0.0,0.0,0.0,1.0,1.0,2.0,1.0,2.0,3.0,2161.5,84.27065504848127,96.77063669222596,94.16928297159205,86.77999264474771,0.0,12.49998164374469,9.89862792311078,2.509337596266434,1.8579117769658353,3.3544408954930987,-4.657242650839507
HZMC92,2,4,6,1.0,2.0,3.0,0.0,0.0,0.0,1.0,2.0,3.0,2151.5,78.37713347763217,94.24324776862413,90.1284097961356,84.91877456133683,0.5,15.866114290991959,11.751276318503429,6.541641083704661,-0.6694771466359981,-0.6864322799633555,-6.518460734250382
josiwales,2,4,6,1.0,1.0,2.0,0.0,0.0,0.0,1.0,2.0,3.0,1803.3333333333333,84.59486510131967,92.9273699103196,86.38867964470859,90.94202879848855,0.3333333333333333,8.332504808999929,1.793814543388919,6.347163697168881,-1.98535500494053,-4.426162431390367,-0.49520649709866404
Houdinovic,3,3,6,1.0,1.0,2.0,1.0,1.0,2.0,1.0,1.0,2.0,2273.6666666666665,86.79448330373953,96.1954338822315,93.17797179779558,91.98391503995913,0.3333333333333333,9.400950578491972,6.383488494056053,5.189431736219603,1.28270896697137,2.363129721696623,0.5466797443719145
Dr-Bassem,3,2,5,1.0,1.0,2.0,0.0,0.0,0.0,2.0,1.0,3.0,2359.6,88.87205728848485,96.81099488637604,91.30085054398094,91.60742506599276,0.4,7.938937597891183,2.428793255496089,2.7353677775079035,1.8982699711159086,0.48600846788198737,0.17018977040554262
KingOfConvenience,3,2,5,2.0,1.0,3.0,0.0,0.0,0.0,1.0,1.0,2.0,2347.0,86.03371723519862,95.53982295082568,91.30467716871676,93.20855530833464,0.6,9.506105715627058,5.270959933518142,7.174838073136016,0.6270980355655524,0.48983509261780966,1.7713200127474238
1random,3,2,5,1.0,2.0,3.0,0.0,0.0,0.0,0.0,0.0,0.0,2019.8,87.19567707361088,93.36768784343994,90.69729521683907,94.52273379288006,0.6,6.172010769829058,3.5016181432281854,7.32705671926918,-1.5450370718201896,-0.11754685925988895,3.0854984972928463
Time2Pretend,3,2,5,0.0,0.0,0.0,0.0,0.0,0.0,1.0,1.0,2.0,2328.0,81.55671437848926,93.99287524012928,85.12514150543048,90.56462315291974,0.0,12.436160861640019,3.5684271269412164,9.007908774430476,-0.9198496751308483,-5.689700570668478,-0.872612142667478
Max_Schachmann,3,2,5,0.0,0.0,0.0,0.0,0.0,0.0,1.0,2.0,3.0,2400.0,79.63581828412066,92.68765067259505,89.98982523921302,87.69136628531726,0.0,13.051832388474395,10.354006955092359,8.055548001196598,-2.225074242665073,-0.8250168368859363,-3.7458690102699563
LittlePeasant,3,2,5,1.0,1.0,2.0,0.0,0.0,0.0,1.0,1.0,2.0,2394.4,88.77969893564588,97.50905636036084,94.38341119672961,91.65881187790302,0.4,8.729357424714962,5.603712261083729,2.8791129422571373,2.5963314451007165,3.568569120630656,0.22157658231580513
TooOldTooSlow70,3,2,5,0.0,0.0,0.0,0.0,0.0,0.0,0.0,0.0,0.0,2324.8,91.08301780766928,93.59150579774567,93.26449300125391,98.69259047921385,0.0,2.5084879900763895,2.1814751935846317,7.609572671544569,-1.3212191175144596,2.4496509251549554,7.255355183626634
samhawkins,3,2,5,0.0,0.0,0.0,0.0,0.0,0.0,2.0,2.0,4.0,2320.2,85.69814425305727,93.91110554016835,90.48866097841886,92.59305158451949,0.0,8.212961287111085,4.790516725361599,6.894907331462221,-1.001619375091778,-0.3261810976800916,1.1558162889322716
Beca95,2,3,5,1.0,1.0,2.0,0.0,0.0,0.0,0.0,0.0,0.0,2483.0,83.86419277904173,95.0491109703612,88.79461989610591,91.25821984761669,0.4,11.184918191319468,4.930427117064184,7.394027068574957,0.13638605510107027,-2.0202221799930413,-0.17901544797052793
kleber2007,2,3,5,1.0,1.0,2.0,0.0,0.0,0.0,0.0,0.0,0.0,2142.6,85.15646840094097,96.45428860469508,90.57749102441403,91.78744122160852,0.4,11.297820203754114,5.421022623473064,6.630972820667552,1.5415636894349518,-0.2373510516849251,0.35020592602130307
GM_Barcenilla,2,3,5,0.0,0.0,0.0,0.0,0.0,0.0,0.0,0.0,0.0,2558.8,88.72716959017185,94.14523725868204,92.7309054867464,96.18267464815139,0.0,5.41806766851019,4.00373589657454,7.455505057979536,-0.7674876565780835,1.916063410647439,4.745439352564176
asms9699,2,3,5,0.0,0.0,0.0,0.0,0.0,0.0,1.0,1.0,2.0,2211.0,87.42821709178563,95.85789529597723,89.48451040573931,94.05902990231436,0.0,8.429678204191603,2.056293313953688,6.630812810528738,0.9451703807171015,-1.3303316703596408,2.62179460672715
A-Fier,2,3,5,1.0,1.0,2.0,0.0,0.0,0.0,1.0,1.0,2.0,2499.6,86.32896437577345,93.98887658372294,88.56323804202387,94.35034375239022,0.4,7.659912207949489,2.2342736662504166,8.021379376616764,-0.9238483315371866,-2.2516040340750862,2.913108456803002
NMLuo,2,3,5,0.0,0.0,0.0,0.0,0.0,0.0,2.0,1.0,3.0,2063.8,87.92426709434692,94.24781572129618,88.41751743102199,94.9011420772777,0.0,6.323548626949261,0.4932503366750751,6.976874982930781,-0.6649091939639504,-2.3973246450769636,3.4639067816904827
Byniolus,2,3,5,0.0,0.0,0.0,0.0,0.0,0.0,0.0,0.0,0.0,2317.8,87.23811050965305,94.43015327320158,87.06645138341243,94.8741773987596,0.0,7.192042763548528,-0.17165912624062685,7.636066889106544,-0.4825716420585451,-3.7483906926865274,3.4369421031723846
lestri,2,3,5,1.0,2.0,3.0,0.0,0.0,0.0,1.0,1.0,2.0,2242.4,85.6814139790746,96.07458901839478,92.76757456194835,87.58598480302109,0.6,10.39317503932017,7.086160582873745,1.9045708239464858,1.161864103134647,1.9527324858493955,-3.8512504925661233
quitforever,2,3,5,1.0,2.0,3.0,0.0,0.0,0.0,1.0,1.0,2.0,2221.2,85.39361894216209,96.25334624899375,91.65751604188932,86.2420351775885,0.6,10.859727306831658,6.263897099727231,0.8484162354264129,1.3406213337336226,0.8426739657903681,-5.195200117998709
diokletian,2,3,5,1.0,1.0,2.0,0.0,0.0,0.0,0.0,0.0,0.0,2330.2,87.54352365979125,94.20173133030407,93.32644733510938,92.78969811218528,0.4,6.658207670512823,5.782923675318131,5.24617445239403,-0.7109935849560571,2.511605259010423,1.352462816598063
silverback96,2,3,5,1.0,1.0,2.0,0.0,0.0,0.0,1.0,2.0,3.0,2023.6,90.2602841506516,97.18626518205834,89.91278779982154,96.53292049567433,0.4,6.925981031406735,-0.34749635083005614,6.2726363450227325,2.273540266798207,-0.9020542762774113,5.095685200087118
andryusha,2,3,5,0.0,0.0,0.0,0.0,0.0,0.0,1.0,3.0,4.0,2036.8,82.69522738246056,96.35118293018127,88.01187940029995,87.76930595080893,0.0,13.655955547720708,5.316652017839388,5.074078568348369,1.4384580149211388,-2.8029626757990087,-3.667929344778287
steinitz_attack,2,3,5,0.0,0.0,0.0,0.0,0.0,0.0,1.0,3.0,4.0,1764.8,80.86903725251369,94.21575022154431,87.72224379662535,85.19558817656832,0.0,13.34671296903062,6.853206544111657,4.326550924054629,-0.6969746937158163,-3.0925982794736058,-6.241647119018893
matein28,2,2,4,0.0,0.0,0.0,0.0,0.0,0.0,1.0,2.0,3.0,2302.5,84.46354579645022,93.18731389181852,86.08466870342473,92.2678056447571,0.0,8.7237680953683,1.621122906974506,7.804259848306884,-1.725411023441609,-4.73017337267423,0.8305703491698893
MbMaster,2,2,4,0.0,0.0,0.0,0.0,0.0,0.0,1.0,2.0,3.0,2103.5,82.8454987347504,95.87006697826368,88.20302015231051,83.36044675897324,0.0,13.024568243513286,5.357521417560122,0.5149480242228464,0.9573420630035514,-2.6118219237884404,-8.076788536613975
kevin9512,2,2,4,0.0,0.0,0.0,0.0,0.0,0.0,0.0,0.0,0.0,1859.0,86.27768432344556,97.21781313668123,92.58017613852974,88.59633004342463,0.0,10.940128813235674,6.302491815084181,2.3186457199790738,2.3050882214211015,1.7653340624307816,-2.8409052521625853
lexiel,2,2,4,0.0,0.0,0.0,0.0,0.0,0.0,1.0,1.0,2.0,1852.75,85.32977319763798,96.15920399554153,87.03341101551698,90.61472345755942,0.0,10.829430797903555,1.7036378178789988,5.284950259921445,1.2464790802814036,-3.78143106058198,-0.8225118380277934
Palacios-LLera,2,2,4,0.0,0.0,0.0,0.0,0.0,0.0,1.0,2.0,3.0,2205.25,81.72767067603638,95.02910307023936,89.94497809669411,83.68701348696618,0.0,13.301432394202976,8.217307420657733,1.9593428109297975,0.11637815497923043,-0.8698639794048404,-7.750221808621035
Fischwitsch,2,2,4,0.0,0.0,0.0,0.0,0.0,0.0,0.0,0.0,0.0,2059.5,76.54305721080976,92.37252402521003,87.04909963453753,90.80123617136856,0.0,15.829466814400263,10.506042423727763,14.258178960558794,-2.5402008900501016,-3.7657424415614287,-0.6359991242186567
KingPetrosian,1,3,4,0.0,0.0,0.0,0.0,0.0,0.0,1.0,3.0,4.0,2080.75,88.153831851265,93.75981926022912,90.1453406413722,94.23188353989929,0.0,5.6059874089641255,1.9915087901072042,6.0780516886342895,-1.152905655031006,-0.6695014347267545,2.7946482443120715
Squirlolz,2,1,3,0.0,0.0,0.0,0.0,0.0,0.0,2.0,1.0,3.0,2121.0,85.36829248520333,96.02049636296196,85.32097265736353,93.19494714310626,0.0,10.652203877758637,-0.047319827839800155,7.826654657902935,1.107771447701836,-5.493869418735429,1.7577118475190474
chorejason,2,1,3,0.0,0.0,0.0,0.0,0.0,0.0,1.0,1.0,2.0,1951.6666666666667,75.40094844824809,94.41380778041486,80.39568488703564,91.85108750440632,0.0,19.01285933216677,4.994736438787555,16.450139056158235,-0.49891713484527145,-10.419157189063313,0.4138522088191081
Enozen,1,2,3,0.0,0.0,0.0,0.0,0.0,0.0,0.0,0.0,0.0,2472.3333333333335,84.98876702386666,97.79206099799994,92.62820741098078,88.79296939213145,0.0,12.803293974133283,7.639440387114121,3.8042023682647965,2.879336082739812,1.8133653348818228,-2.6442659034557607
ecwinslow,1,2,3,0.0,0.0,0.0,0.0,0.0,0.0,1.0,2.0,3.0,1994.3333333333333,81.34711891253845,93.95030267219092,87.30532298795806,85.07514682670156,0.0,12.603183759652467,5.958204075419616,3.728027914163107,-0.9624222430692129,-3.509519088140891,-6.362088468885659
DaPazz,1,1,2,0.0,0.0,0.0,0.0,0.0,0.0,1.0,1.0,2.0,1862.0,81.37815391104405,93.86409279722524,82.37591682520377,94.90177834272434,0.0,12.485938886181188,0.997762914159722,13.52362443168029,-1.048632118034888,-8.438925250895181,3.464543047137127
DatsFunny,1,1,2,0.0,0.0,0.0,0.0,0.0,0.0,1.0,1.0,2.0,2093.0,88.57208946964296,94.16040843050604,90.17039445434159,91.44593243371688,0.0,5.588318960863077,1.598304984698629,2.8738429640739156,-0.7523164847540897,-0.6444476217573651,0.008697138129662108
Room_for_Squares64,1,1,2,0.0,0.0,0.0,0.0,0.0,0.0,0.0,0.0,0.0,1950.0,85.8044548903703,96.25677349058448,89.90882841380576,91.90538435046031,0.0,10.452318600214184,4.10437352343547,6.100929460090015,1.3440485753243507,-0.9060136622931907,0.4681490548730949
gmsakk,1,1,2,0.0,0.0,0.0,0.0,0.0,0.0,0.0,0.0,0.0,2365.5,92.47487210761398,96.82005462017901,93.22402976469604,94.18053865611093,0.0,4.345182512565032,0.7491576570820655,1.70566654849695,1.9073297049188795,2.409187688597086,2.7433033605237114
mortalbovine,1,1,2,0.0,0.0,0.0,0.0,0.0,0.0,0.0,0.0,0.0,1610.0,80.75150787451933,92.33525764325844,89.99238417656923,85.54562239662059,0.0,11.58374976873911,9.240876302049898,4.794114522101253,-2.577467272001684,-0.8224578995297236,-5.891612898966628
